Trade Date,RIC,Ticker,Universal Close Price,VWAP,Volume
21/03/2024,QQQ.N,QQQ,445.8,447.6347,"884,838"
22/03/2024,QQQ.N,QQQ,446.18,446.2129,"636,211"
25/03/2024,QQQ.N,QQQ,444.805,444.881,"624,839"
26/03/2024,QQQ.N,QQQ,443.33,445.4064,"737,154"
27/03/2024,QQQ.N,QQQ,444.94,443.4729,"861,916"
28/03/2024,QQQ.N,QQQ,443.94,444.5784,"745,423"
29/03/2024,QQQ.N,QQQ,"-9,999,402","-9,999,402","-9,999,402"
01/04/2024,QQQ.N,QQQ,444.97,445.0055,"810,192"
02/04/2024,QQQ.N,QQQ,441.13,439.6708,"1,094,567"
03/04/2024,QQQ.N,QQQ,442.08,442.4992,"883,853"
04/04/2024,QQQ.N,QQQ,435.285,441.0471,"1,371,726"
05/04/2024,QQQ.N,QQQ,440.54,440.3263,"1,303,588"
08/04/2024,QQQ.N,QQQ,440.57,440.8265,"445,860"
09/04/2024,QQQ.N,QQQ,442.24,440.2472,"917,401"
10/04/2024,QQQ.N,QQQ,438.32,437.7328,"1,548,751"
11/04/2024,QQQ.N,QQQ,445.49,442.7662,"926,589"
12/04/2024,QQQ.N,QQQ,438.31,439.1144,"1,300,065"
15/04/2024,QQQ.N,QQQ,431,434.5461,"1,433,063"
16/04/2024,QQQ.N,QQQ,431.1,431.4391,"939,445"
17/04/2024,QQQ.N,QQQ,425.77,428.0423,"1,251,009"
18/04/2024,QQQ.N,QQQ,423.39,424.9642,"1,028,594"
19/04/2024,QQQ.N,QQQ,414.77,417.3835,"1,156,862"
22/04/2024,QQQ.N,QQQ,418.85,417.7621,"941,919"
23/04/2024,QQQ.N,QQQ,425.04,424.0109,"814,023"
24/04/2024,QQQ.N,QQQ,426.58,426.8868,"789,955"
25/04/2024,QQQ.N,QQQ,424.44,420.976,"1,259,229"
26/04/2024,QQQ.N,QQQ,431.08,430.4479,"963,035"
29/04/2024,QQQ.N,QQQ,432.83,432.0483,"611,256"
30/04/2024,QQQ.N,QQQ,424.62,428.4695,"824,694"
01/05/2024,QQQ.N,QQQ,421.39,423.572,"1,097,814"
02/05/2024,QQQ.N,QQQ,427.03,425.1329,"701,379"
03/05/2024,QQQ.N,QQQ,435.46,434.8243,"971,103"
06/05/2024,QQQ.N,QQQ,440.33,438.4343,"761,806"
07/05/2024,QQQ.N,QQQ,440.31,440.7948,"786,417"
08/05/2024,QQQ.N,QQQ,440.08,439.7791,"551,077"
09/05/2024,QQQ.N,QQQ,441.04,440.5293,"422,855"
10/05/2024,QQQ.N,QQQ,442.06,442.0819,"536,988"
13/05/2024,QQQ.N,QQQ,443.14,442.8759,"305,605"
14/05/2024,QQQ.N,QQQ,445.96,444.495,"864,443"
15/05/2024,QQQ.N,QQQ,452.88,451.1571,"810,664"
16/05/2024,QQQ.N,QQQ,451.96,453.1541,"505,023"
17/05/2024,QQQ.N,QQQ,451.81,451.5697,"539,239"
20/05/2024,QQQ.N,QQQ,454.9,454.3581,"338,007"
21/05/2024,QQQ.N,QQQ,455.79,454.6855,"256,303"
22/05/2024,QQQ.N,QQQ,455.56,455.194,"290,450"
23/05/2024,QQQ.N,QQQ,453.7,456.1566,"555,826"
24/05/2024,QQQ.N,QQQ,457.98,457.5984,"441,213"
27/05/2024,QQQ.N,QQQ,"-9,999,402","-9,999,402","-9,999,402"
28/05/2024,QQQ.N,QQQ,459.66,458.486,"381,659"
29/05/2024,QQQ.N,QQQ,456.22,456.998,"258,797"
30/05/2024,QQQ.N,QQQ,451.495,452.8265,"459,216"
31/05/2024,QQQ.N,QQQ,451.53,447.4265,"820,368"
03/06/2024,QQQ.N,QQQ,453.13,451.8439,"472,649"
04/06/2024,QQQ.N,QQQ,454.35,453.0048,"302,875"
05/06/2024,QQQ.N,QQQ,463.6,460.9758,"576,952"
06/06/2024,QQQ.N,QQQ,463.365,463.3624,"376,179"
07/06/2024,QQQ.N,QQQ,462.98,463.4088,"275,005"
10/06/2024,QQQ.N,QQQ,464.81,463.9709,"283,155"
11/06/2024,QQQ.N,QQQ,468.07,465.5379,"264,265"
12/06/2024,QQQ.N,QQQ,474.275,474.3335,"461,880"
13/06/2024,QQQ.N,QQQ,476.69,476.8054,"326,503"
14/06/2024,QQQ.N,QQQ,479.19,477.9377,"290,194"
17/06/2024,QQQ.N,QQQ,485.08,483.5165,"596,796"
18/06/2024,QQQ.N,QQQ,485.23,484.9204,"329,731"
19/06/2024,QQQ.N,QQQ,"-9,999,402","-9,999,402","-9,999,402"
20/06/2024,QQQ.N,QQQ,481.39,482.9547,"486,565"
21/06/2024,QQQ.N,QQQ,480.08,480.5862,"466,124"
24/06/2024,QQQ.N,QQQ,474,476.4485,"390,911"
25/06/2024,QQQ.N,QQQ,479.39,478.0242,"406,149"
26/06/2024,QQQ.N,QQQ,480.38,479.7396,"400,749"
27/06/2024,QQQ.N,QQQ,481.51,481.1241,"228,320"
28/06/2024,QQQ.N,QQQ,478.95,482.1977,"475,025"
01/07/2024,QQQ.N,QQQ,481.98,479.8732,"369,559"
02/07/2024,QQQ.N,QQQ,486.96,484.5529,"350,044"
03/07/2024,QQQ.N,QQQ,491.005,489.3154,"339,599"
04/07/2024,QQQ.N,QQQ,"-9,999,402","-9,999,402","-9,999,402"
05/07/2024,QQQ.N,QQQ,496.24,495.0166,"444,205"
08/07/2024,QQQ.N,QQQ,497.37,496.6064,"266,419"
09/07/2024,QQQ.N,QQQ,497.79,498.1239,"229,118"
10/07/2024,QQQ.N,QQQ,502.97,501.4171,"285,016"
11/07/2024,QQQ.N,QQQ,491.86,495.1656,"625,888"
12/07/2024,QQQ.N,QQQ,494.88,495.9132,"326,627"
15/07/2024,QQQ.N,QQQ,496.2,496.9085,"350,830"
16/07/2024,QQQ.N,QQQ,496.39,495.4373,"233,725"
17/07/2024,QQQ.N,QQQ,481.89,484.5927,"625,031"
18/07/2024,QQQ.N,QQQ,479.51,479.9583,"565,323"
19/07/2024,QQQ.N,QQQ,475.17,476.6306,"427,027"
22/07/2024,QQQ.N,QQQ,482.29,481.4135,"351,025"
23/07/2024,QQQ.N,QQQ,480.77,481.9592,"355,416"
24/07/2024,QQQ.N,QQQ,463.33,467.2032,"823,850"
25/07/2024,QQQ.N,QQQ,458.24,462.0586,"1,047,427"
26/07/2024,QQQ.N,QQQ,462.9,462.499,"457,763"
29/07/2024,QQQ.N,QQQ,463.85,465.0219,"591,271"
30/07/2024,QQQ.N,QQQ,457.42,458.862,"847,504"
31/07/2024,QQQ.N,QQQ,470.99,469.8894,"866,984"
01/08/2024,QQQ.N,QQQ,459.72,462.6648,"1,231,626"
02/08/2024,QQQ.N,QQQ,448.67,447.8447,"1,364,878"
05/08/2024,QQQ.N,QQQ,435.79,434.2878,"1,616,665"
06/08/2024,QQQ.N,QQQ,439.56,441.7016,"678,124"
07/08/2024,QQQ.N,QQQ,434.97,442.022,"665,201"
08/08/2024,QQQ.N,QQQ,448.22,444.5596,"660,523"
09/08/2024,QQQ.N,QQQ,450.53,449.0023,"435,263"
12/08/2024,QQQ.N,QQQ,451.38,451.4443,"278,505"
13/08/2024,QQQ.N,QQQ,462.47,460.1778,"511,361"
14/08/2024,QQQ.N,QQQ,462.84,462.0655,"398,810"
15/08/2024,QQQ.N,QQQ,474.49,472.2647,"448,675"
16/08/2024,QQQ.N,QQQ,475.06,474.1968,"332,122"
19/08/2024,QQQ.N,QQQ,481.16,477.4811,"238,238"
20/08/2024,QQQ.N,QQQ,480.12,480.6974,"223,778"
21/08/2024,QQQ.N,QQQ,482.66,481.8585,"299,465"
22/08/2024,QQQ.N,QQQ,474.91,477.9025,"372,689"
23/08/2024,QQQ.N,QQQ,480.03,479.3102,"500,534"
26/08/2024,QQQ.N,QQQ,475.38,475.6219,"307,243"
27/08/2024,QQQ.N,QQQ,476.79,475.7738,"267,209"
28/08/2024,QQQ.N,QQQ,471.28,471.6256,"364,180"
29/08/2024,QQQ.N,QQQ,470.72,474.0234,"554,317"
30/08/2024,QQQ.N,QQQ,476.44,474.4498,"326,458"
02/09/2024,QQQ.N,QQQ,"-9,999,402","-9,999,402","-9,999,402"
03/09/2024,QQQ.N,QQQ,461.81,465.221,"791,758"
04/09/2024,QQQ.N,QQQ,460.62,461.0887,"318,108"
05/09/2024,QQQ.N,QQQ,460.85,461.1093,"192,468"
06/09/2024,QQQ.N,QQQ,448.94,451.6562,"733,077"
09/09/2024,QQQ.N,QQQ,454.53,453.0662,"334,999"
10/09/2024,QQQ.N,QQQ,458.72,456.5289,"350,191"
11/09/2024,QQQ.N,QQQ,468.38,461.7537,"765,696"
12/09/2024,QQQ.N,QQQ,473.26,470.9416,"482,982"
13/09/2024,QQQ.N,QQQ,475.35,474.9789,"235,778"
16/09/2024,QQQ.N,QQQ,473.25,472.0329,"277,944"
17/09/2024,QQQ.N,QQQ,473.4,474.0294,"390,661"
18/09/2024,QQQ.N,QQQ,471.2,474.4336,"381,775"
19/09/2024,QQQ.N,QQQ,483.41,483.9767,"679,633"
20/09/2024,QQQ.N,QQQ,482.39,481.6631,"454,998"
23/09/2024,QQQ.N,QQQ,483.01,482.8875,"261,664"
24/09/2024,QQQ.N,QQQ,485.4,484.3089,"351,330"
25/09/2024,QQQ.N,QQQ,485.96,486.0602,"380,898"
26/09/2024,QQQ.N,QQQ,489.45,488.9488,"354,919"
27/09/2024,QQQ.N,QQQ,486.77,487.6359,"424,229"
30/09/2024,QQQ.N,QQQ,488.1,486.2023,"259,790"
01/10/2024,QQQ.N,QQQ,481.09,480.8367,"664,244"
02/10/2024,QQQ.N,QQQ,481.96,481.6751,"273,288"
03/10/2024,QQQ.N,QQQ,481.79,481.2748,"287,512"
04/10/2024,QQQ.N,QQQ,487.39,485.8316,"359,354"
07/10/2024,QQQ.N,QQQ,482.05,483.6887,"270,087"
08/10/2024,QQQ.N,QQQ,489.24,487.937,"350,474"
09/10/2024,QQQ.N,QQQ,493.22,491.7747,"229,109"
10/10/2024,QQQ.N,QQQ,492.62,492.3886,"260,176"
11/10/2024,QQQ.N,QQQ,493.36,492.8961,"274,329"
14/10/2024,QQQ.N,QQQ,497.53,497.2418,"293,354"
15/10/2024,QQQ.N,QQQ,490.82,492.0924,"517,451"
16/10/2024,QQQ.N,QQQ,490.91,490.0238,"258,076"
17/10/2024,QQQ.N,QQQ,491.34,493.0638,"387,288"
18/10/2024,QQQ.N,QQQ,494.58,494.5578,"364,044"
21/10/2024,QQQ.N,QQQ,495.5,494.052,"370,414"
22/10/2024,QQQ.N,QQQ,496.02,495.082,"358,048"
23/10/2024,QQQ.N,QQQ,488.26,489.4177,"651,757"
24/10/2024,QQQ.N,QQQ,492.35,491.5388,"379,469"
25/10/2024,QQQ.N,QQQ,495.28,497.5498,"534,141"
28/10/2024,QQQ.N,QQQ,495.43,496.5474,"308,512"
29/10/2024,QQQ.N,QQQ,500.15,498.9678,"416,877"
30/10/2024,QQQ.N,QQQ,496.37,498.2419,"497,931"
31/10/2024,QQQ.N,QQQ,483.81,486.2098,"829,751"
01/11/2024,QQQ.N,QQQ,487.39,488.1624,"548,273"
04/11/2024,QQQ.N,QQQ,485.96,486.832,"295,669"
05/11/2024,QQQ.N,QQQ,492.25,491.1782,"431,472"
06/11/2024,QQQ.N,QQQ,505.49,503.215,"868,139"
07/11/2024,QQQ.N,QQQ,513.61,512.2558,"449,575"
08/11/2024,QQQ.N,QQQ,514.17,513.7976,"275,943"
11/11/2024,QQQ.N,QQQ,513.86,513.3105,"305,317"
12/11/2024,QQQ.N,QQQ,512.95,512.941,"345,162"
13/11/2024,QQQ.N,QQQ,512.215,512.5661,"268,380"
14/11/2024,QQQ.N,QQQ,508.75,509.8067,"402,872"
15/11/2024,QQQ.N,QQQ,496.49,497.6118,"723,121"
18/11/2024,QQQ.N,QQQ,500.07,499.9918,"322,219"
19/11/2024,QQQ.N,QQQ,503.39,501.3685,"238,476"
20/11/2024,QQQ.N,QQQ,503.25,500.1689,"422,326"
21/11/2024,QQQ.N,QQQ,504.99,502.8901,"543,266"
22/11/2024,QQQ.N,QQQ,505.78,505.0876,"297,708"
25/11/2024,QQQ.N,QQQ,506.63,507.1961,"293,567"
26/11/2024,QQQ.N,QQQ,509.28,508.7179,"280,556"
27/11/2024,QQQ.N,QQQ,505.24,504.3893,"223,778"
28/11/2024,QQQ.N,QQQ,"-9,999,402","-9,999,402","-9,999,402"
29/11/2024,QQQ.N,QQQ,509.82,509.0252,"209,935"
02/12/2024,QQQ.N,QQQ,515.33,514.88,"358,419"
03/12/2024,QQQ.N,QQQ,516.83,515.5873,"157,651"
04/12/2024,QQQ.N,QQQ,523.26,521.9872,"406,771"
05/12/2024,QQQ.N,QQQ,521.89,522.6979,"196,173"
06/12/2024,QQQ.N,QQQ,526.51,525.6939,"287,086"
09/12/2024,QQQ.N,QQQ,522.47,523.1396,"290,433"
10/12/2024,QQQ.N,QQQ,520.57,521.7926,"387,583"
11/12/2024,QQQ.N,QQQ,529.97,529.2968,"479,986"
12/12/2024,QQQ.N,QQQ,526.57,527.5516,"243,705"
13/12/2024,QQQ.N,QQQ,530.49,530.0012,"405,991"
16/12/2024,QQQ.N,QQQ,538.25,537.1047,"359,460"
17/12/2024,QQQ.N,QQQ,535.85,535.5631,"387,971"
18/12/2024,QQQ.N,QQQ,516.32,524.8486,"702,348"
19/12/2024,QQQ.N,QQQ,514.13,517.3879,"725,367"
20/12/2024,QQQ.N,QQQ,518.75,518.5755,"851,169"
23/12/2024,QQQ.N,QQQ,522.885,520.9691,"455,570"
24/12/2024,QQQ.N,QQQ,530.04,527.8795,"271,837"
25/12/2024,QQQ.N,QQQ,"-9,999,402","-9,999,402","-9,999,402"
26/12/2024,QQQ.N,QQQ,529.55,529.5139,"260,627"
27/12/2024,QQQ.N,QQQ,522.5,520.965,"454,145"
30/12/2024,QQQ.N,QQQ,515.55,516.1789,"315,663"
31/12/2024,QQQ.N,QQQ,511.21,512.675,"451,296"
01/01/2025,QQQ.N,QQQ,"-9,999,402","-9,999,402","-9,999,402"
02/01/2025,QQQ.N,QQQ,510.28,510.458,"535,410"
03/01/2025,QQQ.N,QQQ,518.555,517.1953,"377,167"
06/01/2025,QQQ.N,QQQ,524.62,524.8349,"487,892"
07/01/2025,QQQ.N,QQQ,515.27,518.0413,"537,358"
08/01/2025,QQQ.N,QQQ,515.2,514.4866,"275,869"
09/01/2025,QQQ.N,QQQ,"-9,999,402","-9,999,402","-9,999,402"
10/01/2025,QQQ.N,QQQ,507.225,507.1957,"594,044"
13/01/2025,QQQ.N,QQQ,505.59,502.9927,"498,053"
14/01/2025,QQQ.N,QQQ,505.06,505.0655,"421,956"
15/01/2025,QQQ.N,QQQ,516.45,515.8078,"535,787"
16/01/2025,QQQ.N,QQQ,513.05,515.8059,"337,199"
17/01/2025,QQQ.N,QQQ,521.75,521.7792,"515,064"
20/01/2025,QQQ.N,QQQ,"-9,999,402","-9,999,402","-9,999,402"
21/01/2025,QQQ.N,QQQ,524.71,523.5564,"220,602"
22/01/2025,QQQ.N,QQQ,531.54,531.947,"382,889"
23/01/2025,QQQ.N,QQQ,532.75,530.6558,"191,451"
24/01/2025,QQQ.N,QQQ,529.61,530.7392,"248,611"
27/01/2025,QQQ.N,QQQ,514.05,513.6495,"969,733"
28/01/2025,QQQ.N,QQQ,521.88,519.369,"486,272"
29/01/2025,QQQ.N,QQQ,520.75,520.0357,"327,287"
30/01/2025,QQQ.N,QQQ,522.97,522.5753,"294,987"
31/01/2025,QQQ.N,QQQ,522.28,526.4108,"532,004"
03/02/2025,QQQ.N,QQQ,518.16,516.7455,"466,778"
04/02/2025,QQQ.N,QQQ,524.52,523.4786,"244,538"
05/02/2025,QQQ.N,QQQ,526.83,523.7207,"228,847"
06/02/2025,QQQ.N,QQQ,529.53,527.9867,"201,771"
07/02/2025,QQQ.N,QQQ,523.02,525.3721,"399,286"
10/02/2025,QQQ.N,QQQ,529.239,529.2927,"372,228"
11/02/2025,QQQ.N,QQQ,527.87,528.1507,"168,713"
12/02/2025,QQQ.N,QQQ,528.3,526.9894,"232,654"
13/02/2025,QQQ.N,QQQ,535.91,533.3446,"356,228"
14/02/2025,QQQ.N,QQQ,538.01,537.3118,"224,574"
17/02/2025,QQQ.N,QQQ,"-9,999,402","-9,999,402","-9,999,402"
18/02/2025,QQQ.N,QQQ,539.28,538.0085,"191,166"
19/02/2025,QQQ.N,QQQ,539.58,539.0879,"248,003"
20/02/2025,QQQ.N,QQQ,537.15,535.8571,"390,662"
21/02/2025,QQQ.N,QQQ,526.08,531.5056,"1,157,225"
24/02/2025,QQQ.N,QQQ,519.95,523.2547,"645,036"
25/02/2025,QQQ.N,QQQ,513.39,513.5409,"387,548"
26/02/2025,QQQ.N,QQQ,514.54,515.6911,"436,623"
27/02/2025,QQQ.N,QQQ,500.33,508.0813,"1,030,043"
28/02/2025,QQQ.N,QQQ,508.2,502.4874,"934,966"
03/03/2025,QQQ.N,QQQ,497.28,502.5164,"752,325"
04/03/2025,QQQ.N,QQQ,495.53,494.3677,"1,501,221"
05/03/2025,QQQ.N,QQQ,502.05,498.1121,"900,828"
06/03/2025,QQQ.N,QQQ,488.31,491.7038,"897,207"
07/03/2025,QQQ.N,QQQ,491.76,487.5318,"1,179,048"
10/03/2025,QQQ.N,QQQ,473.33,475.5372,"1,816,873"
11/03/2025,QQQ.N,QQQ,471.61,472.8781,"1,377,246"
12/03/2025,QQQ.N,QQQ,477.05,476.996,"980,203"
13/03/2025,QQQ.N,QQQ,468.35,470.6734,"919,318"
14/03/2025,QQQ.N,QQQ,479.65,477.4848,"659,583"
17/03/2025,QQQ.N,QQQ,482.69,482.1597,"694,084"
18/03/2025,QQQ.N,QQQ,474.71,474.8098,"748,209"
19/03/2025,QQQ.N,QQQ,480.8,480.334,"1,058,404"
21/03/2024,QQQM.N,QQQM,183.445,184.2158,"17,644"
22/03/2024,QQQM.N,QQQM,183.78,183.4294,"13,746"
25/03/2024,QQQM.N,QQQM,183,183.1072,"18,176"
26/03/2024,QQQM.N,QQQM,182.33,183.4662,"35,653"
27/03/2024,QQQM.N,QQQM,182.95,182.3431,"35,559"
28/03/2024,QQQM.N,QQQM,182.86,182.9419,"18,078"
29/03/2024,QQQM.N,QQQM,"-9,999,402","-9,999,402","-9,999,402"
01/04/2024,QQQM.N,QQQM,183.09,183.0828,"35,707"
02/04/2024,QQQM.N,QQQM,181.455,180.962,"45,504"
03/04/2024,QQQM.N,QQQM,181.9,181.9373,"36,905"
04/04/2024,QQQM.N,QQQM,179.08,181.1669,"44,252"
05/04/2024,QQQM.N,QQQM,181.535,181.2828,"48,995"
08/04/2024,QQQM.N,QQQM,181.27,181.3699,"17,667"
09/04/2024,QQQM.N,QQQM,181.82,181.3124,"37,052"
10/04/2024,QQQM.N,QQQM,180.3,180.1923,"56,786"
11/04/2024,QQQM.N,QQQM,183.3,182.1887,"24,780"
12/04/2024,QQQM.N,QQQM,180.34,180.5435,"49,646"
15/04/2024,QQQM.N,QQQM,177.34,179.1015,"103,381"
16/04/2024,QQQM.N,QQQM,177.64,177.4687,"50,405"
17/04/2024,QQQM.N,QQQM,175.45,176.0747,"95,840"
18/04/2024,QQQM.N,QQQM,174.2,174.8836,"72,603"
19/04/2024,QQQM.N,QQQM,170.55,171.3525,"87,346"
22/04/2024,QQQM.N,QQQM,172.315,171.9894,"24,382"
23/04/2024,QQQM.N,QQQM,174.94,174.6591,"45,045"
24/04/2024,QQQM.N,QQQM,175.64,175.6005,"23,902"
25/04/2024,QQQM.N,QQQM,174.635,173.5797,"17,642"
26/04/2024,QQQM.N,QQQM,177.43,177.0817,"33,713"
29/04/2024,QQQM.N,QQQM,178.02,177.7949,"21,722"
30/04/2024,QQQM.N,QQQM,174.77,176.3642,"35,607"
01/05/2024,QQQM.N,QQQM,173.71,173.8547,"25,570"
02/05/2024,QQQM.N,QQQM,175.71,174.5089,"29,758"
03/05/2024,QQQM.N,QQQM,179.18,178.8863,"51,858"
06/05/2024,QQQM.N,QQQM,181.13,180.2914,"23,330"
07/05/2024,QQQM.N,QQQM,181.23,181.3873,"38,032"
08/05/2024,QQQM.N,QQQM,181.11,181.0053,"15,675"
09/05/2024,QQQM.N,QQQM,181.41,181.3818,"15,419"
10/05/2024,QQQM.N,QQQM,181.89,181.9589,"17,107"
13/05/2024,QQQM.N,QQQM,182.25,182.2535,"18,005"
14/05/2024,QQQM.N,QQQM,183.62,182.8922,"18,409"
15/05/2024,QQQM.N,QQQM,186.3,185.2506,"19,119"
16/05/2024,QQQM.N,QQQM,186.09,186.5422,"17,036"
17/05/2024,QQQM.N,QQQM,185.915,185.8026,"13,571"
20/05/2024,QQQM.N,QQQM,187.18,186.7272,"17,535"
21/05/2024,QQQM.N,QQQM,187.63,186.9703,"9,620"
22/05/2024,QQQM.N,QQQM,187.3,187.2169,"22,415"
23/05/2024,QQQM.N,QQQM,186.72,187.1628,"203,031"
24/05/2024,QQQM.N,QQQM,188.5,188.0999,"24,778"
27/05/2024,QQQM.N,QQQM,"-9,999,402","-9,999,402","-9,999,402"
28/05/2024,QQQM.N,QQQM,189.18,188.7689,"18,379"
29/05/2024,QQQM.N,QQQM,187.72,188.1195,"21,275"
30/05/2024,QQQM.N,QQQM,185.81,186.398,"25,767"
31/05/2024,QQQM.N,QQQM,185.63,184.0973,"44,379"
03/06/2024,QQQM.N,QQQM,186.24,185.8994,"41,862"
04/06/2024,QQQM.N,QQQM,187.02,186.4643,"63,463"
05/06/2024,QQQM.N,QQQM,190.73,189.5681,"25,207"
06/06/2024,QQQM.N,QQQM,190.68,190.6772,"14,505"
07/06/2024,QQQM.N,QQQM,190.46,190.6596,"18,825"
10/06/2024,QQQM.N,QQQM,191.26,191.001,"13,429"
11/06/2024,QQQM.N,QQQM,192.5,191.4053,"9,242"
12/06/2024,QQQM.N,QQQM,195.12,195.17,"14,943"
13/06/2024,QQQM.N,QQQM,196.24,196.2674,"17,581"
14/06/2024,QQQM.N,QQQM,197.06,196.6136,"19,594"
17/06/2024,QQQM.N,QQQM,199.57,198.3552,"18,254"
18/06/2024,QQQM.N,QQQM,199.7,199.6118,"8,192"
19/06/2024,QQQM.N,QQQM,"-9,999,402","-9,999,402","-9,999,402"
20/06/2024,QQQM.N,QQQM,198.1,198.7898,"12,967"
21/06/2024,QQQM.N,QQQM,197.59,197.728,"38,293"
24/06/2024,QQQM.N,QQQM,195.06,196.1893,"8,888"
25/06/2024,QQQM.N,QQQM,197.28,196.5415,"5,505"
26/06/2024,QQQM.N,QQQM,197.82,197.4102,"9,749"
27/06/2024,QQQM.N,QQQM,197.935,197.8819,"34,312"
28/06/2024,QQQM.N,QQQM,197.1,198.3877,"45,687"
01/07/2024,QQQM.N,QQQM,198.36,197.3039,"16,345"
02/07/2024,QQQM.N,QQQM,200.38,199.4293,"17,060"
03/07/2024,QQQM.N,QQQM,201.99,201.2869,"32,735"
04/07/2024,QQQM.N,QQQM,"-9,999,402","-9,999,402","-9,999,402"
05/07/2024,QQQM.N,QQQM,204.25,203.5881,"17,038"
08/07/2024,QQQM.N,QQQM,204.56,204.3555,"28,920"
09/07/2024,QQQM.N,QQQM,204.8,205.1358,"23,525"
10/07/2024,QQQM.N,QQQM,207.11,206.3458,"19,022"
11/07/2024,QQQM.N,QQQM,202.62,203.5314,"63,285"
12/07/2024,QQQM.N,QQQM,203.49,204.2208,"33,378"
15/07/2024,QQQM.N,QQQM,203.87,204.4013,"36,783"
16/07/2024,QQQM.N,QQQM,204.25,203.8321,"19,528"
17/07/2024,QQQM.N,QQQM,198.27,199.1563,"29,746"
18/07/2024,QQQM.N,QQQM,197.34,197.5918,"62,104"
19/07/2024,QQQM.N,QQQM,195.56,196.1982,"57,016"
22/07/2024,QQQM.N,QQQM,198.51,197.9273,"72,159"
23/07/2024,QQQM.N,QQQM,197.73,198.3479,"21,402"
24/07/2024,QQQM.N,QQQM,190.64,192.7429,"32,005"
25/07/2024,QQQM.N,QQQM,188.5,189.7748,"78,576"
26/07/2024,QQQM.N,QQQM,190.53,190.8342,"78,033"
29/07/2024,QQQM.N,QQQM,190.83,191.4361,"22,812"
30/07/2024,QQQM.N,QQQM,188.76,188.68,"17,129"
31/07/2024,QQQM.N,QQQM,193.8,193.1588,"43,698"
01/08/2024,QQQM.N,QQQM,189.13,191.7422,"98,450"
02/08/2024,QQQM.N,QQQM,184.52,184.3685,"138,571"
05/08/2024,QQQM.N,QQQM,179.34,178.9137,"116,361"
06/08/2024,QQQM.N,QQQM,181.06,181.3907,"157,338"
07/08/2024,QQQM.N,QQQM,178.96,182.8144,"72,083"
08/08/2024,QQQM.N,QQQM,184.56,182.3337,"65,881"
09/08/2024,QQQM.N,QQQM,185.47,184.5047,"40,500"
12/08/2024,QQQM.N,QQQM,185.47,185.7331,"38,917"
13/08/2024,QQQM.N,QQQM,190.45,188.8763,"46,680"
14/08/2024,QQQM.N,QQQM,190.66,190.1623,"53,745"
15/08/2024,QQQM.N,QQQM,195.15,194.2762,"24,573"
16/08/2024,QQQM.N,QQQM,195.53,195.0311,"54,037"
19/08/2024,QQQM.N,QQQM,197.98,196.4641,"24,640"
20/08/2024,QQQM.N,QQQM,197.55,197.8808,"31,698"
21/08/2024,QQQM.N,QQQM,198.43,198.2144,"19,009"
22/08/2024,QQQM.N,QQQM,195.45,196.5447,"26,421"
23/08/2024,QQQM.N,QQQM,197.55,196.973,"40,701"
26/08/2024,QQQM.N,QQQM,195.59,195.5447,"41,475"
27/08/2024,QQQM.N,QQQM,196.22,195.6562,"31,873"
28/08/2024,QQQM.N,QQQM,193.94,194.3533,"24,810"
29/08/2024,QQQM.N,QQQM,193.76,195.2295,"63,536"
30/08/2024,QQQM.N,QQQM,196.02,195.21,"95,316"
02/09/2024,QQQM.N,QQQM,"-9,999,402","-9,999,402","-9,999,402"
03/09/2024,QQQM.N,QQQM,190.03,192.4773,"50,726"
04/09/2024,QQQM.N,QQQM,189.59,189.493,"79,742"
05/09/2024,QQQM.N,QQQM,189.645,189.6451,"52,140"
06/09/2024,QQQM.N,QQQM,184.73,186.9189,"69,222"
09/09/2024,QQQM.N,QQQM,187.08,186.5086,"77,811"
10/09/2024,QQQM.N,QQQM,188.87,188.0124,"25,042"
11/09/2024,QQQM.N,QQQM,192.73,189.7358,"93,148"
12/09/2024,QQQM.N,QQQM,194.75,193.4266,"55,894"
13/09/2024,QQQM.N,QQQM,195.71,195.6192,"104,250"
16/09/2024,QQQM.N,QQQM,194.82,194.2719,"31,678"
17/09/2024,QQQM.N,QQQM,194.79,195.4866,"38,549"
18/09/2024,QQQM.N,QQQM,193.96,195.1134,"39,847"
19/09/2024,QQQM.N,QQQM,198.98,199.0923,"74,956"
20/09/2024,QQQM.N,QQQM,198.52,198.3892,"26,688"
23/09/2024,QQQM.N,QQQM,198.82,198.7206,"43,457"
24/09/2024,QQQM.N,QQQM,199.58,198.9191,"20,804"
25/09/2024,QQQM.N,QQQM,199.89,199.9059,"15,464"
26/09/2024,QQQM.N,QQQM,201.53,201.4093,"27,612"
27/09/2024,QQQM.N,QQQM,200.3,200.8299,"32,984"
30/09/2024,QQQM.N,QQQM,200.84,199.978,"34,454"
01/10/2024,QQQM.N,QQQM,197.98,198.2391,"44,642"
02/10/2024,QQQM.N,QQQM,198.32,198.122,"16,462"
03/10/2024,QQQM.N,QQQM,198.29,198.1009,"24,154"
04/10/2024,QQQM.N,QQQM,200.6,200.0732,"32,209"
07/10/2024,QQQM.N,QQQM,198.35,199.2132,"21,087"
08/10/2024,QQQM.N,QQQM,201.4,200.5648,"27,952"
09/10/2024,QQQM.N,QQQM,203.035,202.3429,"28,464"
10/10/2024,QQQM.N,QQQM,202.81,202.4858,"21,198"
11/10/2024,QQQM.N,QQQM,203.07,202.5,"10,394"
14/10/2024,QQQM.N,QQQM,204.69,204.6929,"11,018"
15/10/2024,QQQM.N,QQQM,202.03,202.9368,"32,375"
16/10/2024,QQQM.N,QQQM,202.07,201.6492,"30,266"
17/10/2024,QQQM.N,QQQM,202.459,203.08,"18,062"
18/10/2024,QQQM.N,QQQM,203.525,203.4207,"22,834"
21/10/2024,QQQM.N,QQQM,203.91,203.3569,"10,866"
22/10/2024,QQQM.N,QQQM,204.17,203.3432,"18,024"
23/10/2024,QQQM.N,QQQM,201.02,202.0534,"14,666"
24/10/2024,QQQM.N,QQQM,202.67,202.3256,"32,738"
25/10/2024,QQQM.N,QQQM,203.85,204.8198,"28,968"
28/10/2024,QQQM.N,QQQM,203.9,204.6013,"32,525"
29/10/2024,QQQM.N,QQQM,205.89,204.8612,"18,125"
30/10/2024,QQQM.N,QQQM,204.3,204.8945,"13,500"
31/10/2024,QQQM.N,QQQM,199.14,200.3716,"32,287"
01/11/2024,QQQM.N,QQQM,200.68,200.8811,"32,244"
04/11/2024,QQQM.N,QQQM,200.02,200.3561,"23,393"
05/11/2024,QQQM.N,QQQM,202.575,201.8804,"21,441"
06/11/2024,QQQM.N,QQQM,208.03,206.9939,"42,279"
07/11/2024,QQQM.N,QQQM,211.42,210.3083,"28,183"
08/11/2024,QQQM.N,QQQM,211.605,211.5028,"13,448"
11/11/2024,QQQM.N,QQQM,211.28,211.5843,"12,656"
12/11/2024,QQQM.N,QQQM,211.1,211.2469,"21,273"
13/11/2024,QQQM.N,QQQM,210.84,210.8191,"19,331"
14/11/2024,QQQM.N,QQQM,209.38,210.1629,"19,003"
15/11/2024,QQQM.N,QQQM,204.43,205.4881,"38,360"
18/11/2024,QQQM.N,QQQM,205.79,205.2126,"16,894"
19/11/2024,QQQM.N,QQQM,207.22,205.6071,"14,657"
20/11/2024,QQQM.N,QQQM,207.08,206.0543,"30,925"
21/11/2024,QQQM.N,QQQM,207.91,207.2904,"75,519"
22/11/2024,QQQM.N,QQQM,208.26,207.7719,"20,332"
25/11/2024,QQQM.N,QQQM,208.52,208.9849,"29,778"
26/11/2024,QQQM.N,QQQM,209.75,209.3931,"14,964"
27/11/2024,QQQM.N,QQQM,207.96,207.7403,"16,769"
28/11/2024,QQQM.N,QQQM,"-9,999,402","-9,999,402","-9,999,402"
29/11/2024,QQQM.N,QQQM,209.89,209.0162,"9,669"
02/12/2024,QQQM.N,QQQM,212.09,211.7089,"18,595"
03/12/2024,QQQM.N,QQQM,212.76,212.1074,"10,204"
04/12/2024,QQQM.N,QQQM,215.38,214.6392,"24,407"
05/12/2024,QQQM.N,QQQM,214.79,215.0766,"13,837"
06/12/2024,QQQM.N,QQQM,216.73,216.3923,"20,947"
09/12/2024,QQQM.N,QQQM,215.04,215.6474,"29,744"
10/12/2024,QQQM.N,QQQM,214.26,215.1772,"30,797"
11/12/2024,QQQM.N,QQQM,218.16,217.6217,"20,274"
12/12/2024,QQQM.N,QQQM,216.9,217.0782,"26,293"
13/12/2024,QQQM.N,QQQM,218.34,218.406,"17,468"
16/12/2024,QQQM.N,QQQM,221.53,220.7938,"25,860"
17/12/2024,QQQM.N,QQQM,220.7,220.5219,"25,843"
18/12/2024,QQQM.N,QQQM,212.55,216.55,"29,583"
19/12/2024,QQQM.N,QQQM,211.61,212.8435,"58,488"
20/12/2024,QQQM.N,QQQM,213.34,212.8427,"78,796"
23/12/2024,QQQM.N,QQQM,215.24,214.685,"30,706"
24/12/2024,QQQM.N,QQQM,218.21,217.6053,"126,182"
25/12/2024,QQQM.N,QQQM,"-9,999,402","-9,999,402","-9,999,402"
26/12/2024,QQQM.N,QQQM,218.15,218.1757,"6,821"
27/12/2024,QQQM.N,QQQM,215.11,214.6877,"39,241"
30/12/2024,QQQM.N,QQQM,212.24,213.1255,"171,333"
31/12/2024,QQQM.N,QQQM,210.5,211.2958,"26,719"
01/01/2025,QQQM.N,QQQM,"-9,999,402","-9,999,402","-9,999,402"
02/01/2025,QQQM.N,QQQM,209.96,210.425,"61,866"
03/01/2025,QQQM.N,QQQM,213.53,212.6712,"33,146"
06/01/2025,QQQM.N,QQQM,215.97,215.9908,"25,464"
07/01/2025,QQQM.N,QQQM,212.1,212.7743,"37,472"
08/01/2025,QQQM.N,QQQM,212.215,211.8634,"45,672"
09/01/2025,QQQM.N,QQQM,"-9,999,402","-9,999,402","-9,999,402"
10/01/2025,QQQM.N,QQQM,208.98,209.1178,"47,692"
13/01/2025,QQQM.N,QQQM,208.15,206.6815,"31,688"
14/01/2025,QQQM.N,QQQM,207.96,207.9504,"25,821"
15/01/2025,QQQM.N,QQQM,212.67,212.2427,"59,414"
16/01/2025,QQQM.N,QQQM,211.37,212.3262,"22,578"
17/01/2025,QQQM.N,QQQM,214.82,214.6183,"49,448"
20/01/2025,QQQM.N,QQQM,"-9,999,402","-9,999,402","-9,999,402"
21/01/2025,QQQM.N,QQQM,215.99,215.8664,"28,325"
22/01/2025,QQQM.N,QQQM,218.94,218.8856,"58,055"
23/01/2025,QQQM.N,QQQM,219.12,218.1357,"28,300"
24/01/2025,QQQM.N,QQQM,218.125,218.7407,"26,626"
27/01/2025,QQQM.N,QQQM,211.21,211.2843,"101,516"
28/01/2025,QQQM.N,QQQM,214.919,213.2295,"47,433"
29/01/2025,QQQM.N,QQQM,214.35,214.0055,"25,328"
30/01/2025,QQQM.N,QQQM,215.41,214.9414,"53,153"
31/01/2025,QQQM.N,QQQM,214.99,217.3476,"68,886"
03/02/2025,QQQM.N,QQQM,213.53,212.3928,"28,517"
04/02/2025,QQQM.N,QQQM,215.97,215.1964,"49,890"
05/02/2025,QQQM.N,QQQM,216.89,215.0711,"47,471"
06/02/2025,QQQM.N,QQQM,218.06,217.3668,"44,480"
07/02/2025,QQQM.N,QQQM,215.29,216.2812,"31,353"
10/02/2025,QQQM.N,QQQM,217.9,217.8419,"27,668"
11/02/2025,QQQM.N,QQQM,217.39,217.3478,"18,844"
12/02/2025,QQQM.N,QQQM,217.53,216.9146,"30,474"
13/02/2025,QQQM.N,QQQM,220.51,219.0513,"40,520"
14/02/2025,QQQM.N,QQQM,221.71,221.0045,"24,743"
17/02/2025,QQQM.N,QQQM,"-9,999,402","-9,999,402","-9,999,402"
18/02/2025,QQQM.N,QQQM,221.57,221.4887,"16,980"
19/02/2025,QQQM.N,QQQM,222.14,221.7627,"18,272"
20/02/2025,QQQM.N,QQQM,221.1,220.3189,"41,552"
21/02/2025,QQQM.N,QQQM,216.53,218.2549,"47,822"
24/02/2025,QQQM.N,QQQM,214,215.3043,"42,047"
25/02/2025,QQQM.N,QQQM,211.49,211.546,"51,093"
26/02/2025,QQQM.N,QQQM,211.67,212.1118,"40,603"
27/02/2025,QQQM.N,QQQM,206.08,209.3822,"71,539"
28/02/2025,QQQM.N,QQQM,209.15,206.7898,"115,471"
03/03/2025,QQQM.N,QQQM,204.75,207.7887,"122,028"
04/03/2025,QQQM.N,QQQM,204.08,203.3723,"66,495"
05/03/2025,QQQM.N,QQQM,206.68,205.3063,"52,347"
06/03/2025,QQQM.N,QQQM,201,202.0603,"54,185"
07/03/2025,QQQM.N,QQQM,202.49,200.6343,"96,747"
10/03/2025,QQQM.N,QQQM,194.75,195.8295,"69,778"
11/03/2025,QQQM.N,QQQM,194.195,194.7729,"32,136"
12/03/2025,QQQM.N,QQQM,196.41,196.5516,"41,856"
13/03/2025,QQQM.N,QQQM,192.84,193.6461,"37,223"
14/03/2025,QQQM.N,QQQM,197.55,196.6214,"24,554"
17/03/2025,QQQM.N,QQQM,198.78,198.667,"35,235"
18/03/2025,QQQM.N,QQQM,195.42,195.5557,"18,726"
19/03/2025,QQQM.N,QQQM,198.19,197.4468,"23,744"
21/03/2024,TQQQ.N,TQQQ,62.47,63.339,"1,851,548"
22/03/2024,TQQQ.N,TQQQ,62.62,62.5399,"1,322,347"
25/03/2024,TQQQ.N,TQQQ,62.01,62.0138,"1,193,572"
26/03/2024,TQQQ.N,TQQQ,61.38,62.2917,"1,473,395"
27/03/2024,TQQQ.N,TQQQ,61.97,61.4117,"1,715,195"
28/03/2024,TQQQ.N,TQQQ,61.53,61.7717,"1,479,685"
29/03/2024,TQQQ.N,TQQQ,"-9,999,402","-9,999,402","-9,999,402"
01/04/2024,TQQQ.N,TQQQ,61.91,62.0262,"1,900,864"
02/04/2024,TQQQ.N,TQQQ,60.29,59.6508,"1,785,000"
03/04/2024,TQQQ.N,TQQQ,60.67,60.7385,"1,731,368"
04/04/2024,TQQQ.N,TQQQ,57.82,60.2332,"2,810,278"
05/04/2024,TQQQ.N,TQQQ,59.88,59.7168,"2,329,978"
08/04/2024,TQQQ.N,TQQQ,59.86,59.9981,"1,677,141"
09/04/2024,TQQQ.N,TQQQ,60.53,59.694,"2,001,761"
10/04/2024,TQQQ.N,TQQQ,58.85,58.6421,"4,596,988"
11/04/2024,TQQQ.N,TQQQ,61.72,60.5106,"2,783,926"
12/04/2024,TQQQ.N,TQQQ,58.73,59.1408,"2,997,045"
15/04/2024,TQQQ.N,TQQQ,55.75,57.5223,"3,739,009"
16/04/2024,TQQQ.N,TQQQ,55.77,55.9354,"4,866,057"
17/04/2024,TQQQ.N,TQQQ,53.7,54.507,"3,998,261"
18/04/2024,TQQQ.N,TQQQ,52.71,53.361,"4,067,985"
19/04/2024,TQQQ.N,TQQQ,49.48,50.275,"6,751,979"
22/04/2024,TQQQ.N,TQQQ,50.91,50.5177,"2,616,517"
23/04/2024,TQQQ.N,TQQQ,53.18,52.8852,"3,769,208"
24/04/2024,TQQQ.N,TQQQ,53.66,53.7635,"3,829,988"
25/04/2024,TQQQ.N,TQQQ,52.87,51.749,"4,550,842"
26/04/2024,TQQQ.N,TQQQ,55.31,55.1754,"2,608,271"
29/04/2024,TQQQ.N,TQQQ,55.94,55.6878,"1,891,273"
30/04/2024,TQQQ.N,TQQQ,52.78,54.4097,"2,022,623"
01/05/2024,TQQQ.N,TQQQ,51.56,52.5624,"4,660,649"
02/05/2024,TQQQ.N,TQQQ,53.54,52.6517,"2,510,206"
03/05/2024,TQQQ.N,TQQQ,56.72,56.4682,"3,968,554"
06/05/2024,TQQQ.N,TQQQ,58.57,57.8049,"1,696,461"
07/05/2024,TQQQ.N,TQQQ,58.57,58.7726,"1,817,455"
08/05/2024,TQQQ.N,TQQQ,58.475,58.3396,"1,792,350"
09/05/2024,TQQQ.N,TQQQ,58.79,58.5508,"1,140,727"
10/05/2024,TQQQ.N,TQQQ,59.15,59.1526,"2,035,920"
13/05/2024,TQQQ.N,TQQQ,59.59,59.4885,"1,228,110"
14/05/2024,TQQQ.N,TQQQ,60.69,60.0825,"1,565,155"
15/05/2024,TQQQ.N,TQQQ,63.49,62.7055,"2,827,852"
16/05/2024,TQQQ.N,TQQQ,63.07,63.6199,"1,443,210"
17/05/2024,TQQQ.N,TQQQ,62.93,62.8759,"1,169,899"
20/05/2024,TQQQ.N,TQQQ,64.25,64.0206,"1,391,757"
21/05/2024,TQQQ.N,TQQQ,64.59,64.1253,"1,113,744"
22/05/2024,TQQQ.N,TQQQ,64.48,64.3568,"1,193,664"
23/05/2024,TQQQ.N,TQQQ,63.56,64.8009,"1,896,571"
24/05/2024,TQQQ.N,TQQQ,65.365,65.2289,"1,431,229"
27/05/2024,TQQQ.N,TQQQ,"-9,999,402","-9,999,402","-9,999,402"
28/05/2024,TQQQ.N,TQQQ,66.09,65.614,"1,113,010"
29/05/2024,TQQQ.N,TQQQ,64.69,64.889,"1,017,117"
30/05/2024,TQQQ.N,TQQQ,62.57,63.2468,"1,360,241"
31/05/2024,TQQQ.N,TQQQ,62.48,60.6054,"2,078,392"
03/06/2024,TQQQ.N,TQQQ,63.15,62.5156,"1,707,382"
04/06/2024,TQQQ.N,TQQQ,63.62,63.0315,"1,563,522"
05/06/2024,TQQQ.N,TQQQ,67.45,66.3675,"1,798,623"
06/06/2024,TQQQ.N,TQQQ,67.38,67.3693,"1,152,883"
07/06/2024,TQQQ.N,TQQQ,67.1,67.3471,"1,127,361"
10/06/2024,TQQQ.N,TQQQ,67.89,67.35,"1,352,496"
11/06/2024,TQQQ.N,TQQQ,69.31,68.0377,"1,061,281"
12/06/2024,TQQQ.N,TQQQ,71.97,72.0319,"2,150,977"
13/06/2024,TQQQ.N,TQQQ,73.14,73.0918,"1,474,714"
14/06/2024,TQQQ.N,TQQQ,74.18,73.5179,"1,136,108"
17/06/2024,TQQQ.N,TQQQ,76.83,75.8226,"1,437,730"
18/06/2024,TQQQ.N,TQQQ,76.915,76.7603,"910,063"
19/06/2024,TQQQ.N,TQQQ,"-9,999,402","-9,999,402","-9,999,402"
20/06/2024,TQQQ.N,TQQQ,75.05,75.7558,"2,121,967"
21/06/2024,TQQQ.N,TQQQ,74.38,74.5962,"1,588,060"
24/06/2024,TQQQ.N,TQQQ,71.88,73.1918,"2,553,410"
25/06/2024,TQQQ.N,TQQQ,74.32,73.5385,"1,155,789"
26/06/2024,TQQQ.N,TQQQ,74.46,74.0801,"1,233,197"
27/06/2024,TQQQ.N,TQQQ,75,74.7474,"1,422,987"
28/06/2024,TQQQ.N,TQQQ,73.69,75.241,"2,251,271"
01/07/2024,TQQQ.N,TQQQ,75,73.9498,"1,519,006"
02/07/2024,TQQQ.N,TQQQ,77.34,75.7629,"732,656"
03/07/2024,TQQQ.N,TQQQ,79.16,78.0127,"446,248"
04/07/2024,TQQQ.N,TQQQ,"-9,999,402","-9,999,402","-9,999,402"
05/07/2024,TQQQ.N,TQQQ,81.66,80.7644,"781,891"
08/07/2024,TQQQ.N,TQQQ,82.21,81.8095,"694,270"
09/07/2024,TQQQ.N,TQQQ,82.38,82.5455,"1,474,952"
10/07/2024,TQQQ.N,TQQQ,84.96,84.0175,"1,201,745"
11/07/2024,TQQQ.N,TQQQ,79.32,81.1076,"3,209,117"
12/07/2024,TQQQ.N,TQQQ,80.64,81.188,"2,226,342"
15/07/2024,TQQQ.N,TQQQ,81.25,81.7625,"1,564,556"
16/07/2024,TQQQ.N,TQQQ,81.32,80.8893,"944,926"
17/07/2024,TQQQ.N,TQQQ,74.16,75.5219,"2,059,355"
18/07/2024,TQQQ.N,TQQQ,73.06,73.3263,"2,188,155"
19/07/2024,TQQQ.N,TQQQ,71.01,71.9209,"1,946,908"
22/07/2024,TQQQ.N,TQQQ,74.14,73.5901,"1,693,943"
23/07/2024,TQQQ.N,TQQQ,73.36,73.9954,"951,501"
24/07/2024,TQQQ.N,TQQQ,65.39,67.354,"2,816,419"
25/07/2024,TQQQ.N,TQQQ,63.21,64.855,"2,355,637"
26/07/2024,TQQQ.N,TQQQ,65.14,64.8557,"1,769,803"
29/07/2024,TQQQ.N,TQQQ,65.42,66.0548,"1,686,375"
30/07/2024,TQQQ.N,TQQQ,62.71,63.4917,"1,903,645"
31/07/2024,TQQQ.N,TQQQ,68.29,67.948,"3,047,930"
01/08/2024,TQQQ.N,TQQQ,63.36,65.2476,"4,333,831"
02/08/2024,TQQQ.N,TQQQ,58.7,58.5113,"3,619,307"
05/08/2024,TQQQ.N,TQQQ,53.65,52.9266,"4,125,092"
06/08/2024,TQQQ.N,TQQQ,55.01,55.836,"3,404,905"
07/08/2024,TQQQ.N,TQQQ,53.19,56.5272,"1,662,570"
08/08/2024,TQQQ.N,TQQQ,58.01,56.6402,"2,063,636"
09/08/2024,TQQQ.N,TQQQ,58.92,58.248,"1,203,242"
12/08/2024,TQQQ.N,TQQQ,59.24,59.2892,"1,728,847"
13/08/2024,TQQQ.N,TQQQ,63.6,62.3671,"1,614,275"
14/08/2024,TQQQ.N,TQQQ,63.69,63.291,"1,901,119"
15/08/2024,TQQQ.N,TQQQ,68.44,67.4758,"1,481,722"
16/08/2024,TQQQ.N,TQQQ,68.65,68.169,"1,148,233"
19/08/2024,TQQQ.N,TQQQ,71.31,69.1423,"987,484"
20/08/2024,TQQQ.N,TQQQ,70.85,70.9932,"1,155,650"
21/08/2024,TQQQ.N,TQQQ,71.87,71.5035,"1,205,552"
22/08/2024,TQQQ.N,TQQQ,68.4,70.5789,"1,467,745"
23/08/2024,TQQQ.N,TQQQ,70.53,70.1436,"1,194,292"
26/08/2024,TQQQ.N,TQQQ,68.48,68.813,"841,024"
27/08/2024,TQQQ.N,TQQQ,69.11,68.699,"526,442"
28/08/2024,TQQQ.N,TQQQ,66.6,66.8752,"1,063,085"
29/08/2024,TQQQ.N,TQQQ,66.35,67.8067,"1,068,759"
30/08/2024,TQQQ.N,TQQQ,68.7,67.7,"1,068,956"
02/09/2024,TQQQ.N,TQQQ,"-9,999,402","-9,999,402","-9,999,402"
03/09/2024,TQQQ.N,TQQQ,62.35,64.0051,"1,866,197"
04/09/2024,TQQQ.N,TQQQ,61.84,62.091,"885,502"
05/09/2024,TQQQ.N,TQQQ,62.01,62.0145,"1,390,288"
06/09/2024,TQQQ.N,TQQQ,57.02,58.3173,"1,974,301"
09/09/2024,TQQQ.N,TQQQ,59.13,58.5518,"1,331,680"
10/09/2024,TQQQ.N,TQQQ,60.69,59.7306,"1,018,003"
11/09/2024,TQQQ.N,TQQQ,64.54,60.9748,"2,025,810"
12/09/2024,TQQQ.N,TQQQ,66.55,65.5997,"1,470,194"
13/09/2024,TQQQ.N,TQQQ,67.36,67.1469,"1,124,708"
16/09/2024,TQQQ.N,TQQQ,66.37,65.8456,"433,562"
17/09/2024,TQQQ.N,TQQQ,66.54,66.8587,"1,010,933"
18/09/2024,TQQQ.N,TQQQ,65.63,66.7563,"2,353,983"
19/09/2024,TQQQ.N,TQQQ,70.64,70.7215,"1,005,781"
20/09/2024,TQQQ.N,TQQQ,70.1,69.7546,"874,683"
23/09/2024,TQQQ.N,TQQQ,70.68,70.6224,"604,842"
24/09/2024,TQQQ.N,TQQQ,71.66,70.9073,"785,292"
25/09/2024,TQQQ.N,TQQQ,71.67,71.7493,"527,992"
26/09/2024,TQQQ.N,TQQQ,73.19,73.1461,"1,112,265"
27/09/2024,TQQQ.N,TQQQ,71.93,72.4313,"680,416"
30/09/2024,TQQQ.N,TQQQ,72.36,71.5802,"895,431"
01/10/2024,TQQQ.N,TQQQ,69.4,69.3935,"1,199,750"
02/10/2024,TQQQ.N,TQQQ,69.71,69.4543,"771,086"
03/10/2024,TQQQ.N,TQQQ,69.54,69.4432,"771,446"
04/10/2024,TQQQ.N,TQQQ,71.94,70.9315,"1,033,933"
07/10/2024,TQQQ.N,TQQQ,69.56,70.5594,"700,865"
08/10/2024,TQQQ.N,TQQQ,72.68,71.7422,"800,103"
09/10/2024,TQQQ.N,TQQQ,74.405,73.4818,"845,018"
10/10/2024,TQQQ.N,TQQQ,74.12,73.8877,"778,404"
11/10/2024,TQQQ.N,TQQQ,74.31,74.0344,"714,715"
14/10/2024,TQQQ.N,TQQQ,76.2,76.0371,"757,926"
15/10/2024,TQQQ.N,TQQQ,73.1,73.9677,"1,615,690"
16/10/2024,TQQQ.N,TQQQ,73.13,72.6572,"838,628"
17/10/2024,TQQQ.N,TQQQ,73.32,74.1805,"1,245,142"
18/10/2024,TQQQ.N,TQQQ,74.68,74.6417,"769,057"
21/10/2024,TQQQ.N,TQQQ,75.05,74.3438,"926,030"
22/10/2024,TQQQ.N,TQQQ,75.29,74.7717,"810,630"
23/10/2024,TQQQ.N,TQQQ,71.8,72.3606,"1,465,166"
24/10/2024,TQQQ.N,TQQQ,73.46,73.0869,"880,993"
25/10/2024,TQQQ.N,TQQQ,74.74,75.7141,"2,021,511"
28/10/2024,TQQQ.N,TQQQ,74.8,75.3545,"994,872"
29/10/2024,TQQQ.N,TQQQ,76.91,76.1781,"1,210,017"
30/10/2024,TQQQ.N,TQQQ,75.15,75.9705,"1,134,223"
31/10/2024,TQQQ.N,TQQQ,69.5,70.4755,"2,301,040"
01/11/2024,TQQQ.N,TQQQ,70.91,71.3709,"1,176,490"
04/11/2024,TQQQ.N,TQQQ,70.27,70.617,"977,325"
05/11/2024,TQQQ.N,TQQQ,72.95,72.4347,"955,664"
06/11/2024,TQQQ.N,TQQQ,78.81,77.7103,"1,137,867"
07/11/2024,TQQQ.N,TQQQ,82.62,81.8473,"885,156"
08/11/2024,TQQQ.N,TQQQ,82.735,82.5446,"480,565"
11/11/2024,TQQQ.N,TQQQ,82.59,82.3484,"681,392"
12/11/2024,TQQQ.N,TQQQ,82.13,82.0415,"644,467"
13/11/2024,TQQQ.N,TQQQ,81.77,81.9771,"581,340"
14/11/2024,TQQQ.N,TQQQ,80.07,80.6905,"731,927"
15/11/2024,TQQQ.N,TQQQ,74.19,74.939,"900,302"
18/11/2024,TQQQ.N,TQQQ,75.77,75.6093,"624,621"
19/11/2024,TQQQ.N,TQQQ,77.31,76.1352,"605,176"
20/11/2024,TQQQ.N,TQQQ,77.15,75.7442,"926,380"
21/11/2024,TQQQ.N,TQQQ,77.98,76.9162,"1,121,802"
22/11/2024,TQQQ.N,TQQQ,78.26,77.9071,"665,801"
25/11/2024,TQQQ.N,TQQQ,78.65,79.0308,"747,480"
26/11/2024,TQQQ.N,TQQQ,79.86,79.5609,"480,650"
27/11/2024,TQQQ.N,TQQQ,77.9,77.6049,"537,401"
28/11/2024,TQQQ.N,TQQQ,"-9,999,402","-9,999,402","-9,999,402"
29/11/2024,TQQQ.N,TQQQ,79.87,79.418,"366,331"
02/12/2024,TQQQ.N,TQQQ,82.48,82.074,"644,601"
03/12/2024,TQQQ.N,TQQQ,83.23,82.5189,"456,826"
04/12/2024,TQQQ.N,TQQQ,86.27,85.5755,"666,654"
05/12/2024,TQQQ.N,TQQQ,85.56,86.0061,"346,459"
06/12/2024,TQQQ.N,TQQQ,87.75,87.2587,"539,574"
09/12/2024,TQQQ.N,TQQQ,85.7,86.2008,"692,398"
10/12/2024,TQQQ.N,TQQQ,84.74,85.7151,"746,010"
11/12/2024,TQQQ.N,TQQQ,89.31,88.4632,"587,023"
12/12/2024,TQQQ.N,TQQQ,87.52,88.106,"504,860"
13/12/2024,TQQQ.N,TQQQ,89.42,89.2695,"789,860"
16/12/2024,TQQQ.N,TQQQ,93.27,92.2055,"419,897"
17/12/2024,TQQQ.N,TQQQ,92.05,91.9643,"616,535"
18/12/2024,TQQQ.N,TQQQ,82.11,87.8627,"1,263,805"
19/12/2024,TQQQ.N,TQQQ,80.94,82.597,"775,739"
20/12/2024,TQQQ.N,TQQQ,82.97,83.0885,"1,145,876"
23/12/2024,TQQQ.N,TQQQ,84.99,83.9222,"756,818"
24/12/2024,TQQQ.N,TQQQ,88.38,87.123,"386,153"
25/12/2024,TQQQ.N,TQQQ,"-9,999,402","-9,999,402","-9,999,402"
26/12/2024,TQQQ.N,TQQQ,88.219,88.1086,"364,187"
27/12/2024,TQQQ.N,TQQQ,84.635,83.7181,"735,611"
30/12/2024,TQQQ.N,TQQQ,81.28,81.4231,"660,436"
31/12/2024,TQQQ.N,TQQQ,79.12,80.0148,"820,411"
01/01/2025,TQQQ.N,TQQQ,"-9,999,402","-9,999,402","-9,999,402"
02/01/2025,TQQQ.N,TQQQ,78.59,78.9234,"694,969"
03/01/2025,TQQQ.N,TQQQ,82.44,81.5849,"735,793"
06/01/2025,TQQQ.N,TQQQ,85.255,85.5876,"527,253"
07/01/2025,TQQQ.N,TQQQ,80.62,82.076,"709,955"
08/01/2025,TQQQ.N,TQQQ,80.63,80.1839,"482,235"
09/01/2025,TQQQ.N,TQQQ,"-9,999,402","-9,999,402","-9,999,402"
10/01/2025,TQQQ.N,TQQQ,76.76,76.8392,"1,024,715"
13/01/2025,TQQQ.N,TQQQ,76.01,74.6917,"1,089,514"
14/01/2025,TQQQ.N,TQQQ,75.72,75.8382,"1,162,726"
15/01/2025,TQQQ.N,TQQQ,80.92,80.3372,"796,990"
16/01/2025,TQQQ.N,TQQQ,79.23,80.5519,"748,341"
17/01/2025,TQQQ.N,TQQQ,83.18,82.9573,"601,672"
20/01/2025,TQQQ.N,TQQQ,"-9,999,402","-9,999,402","-9,999,402"
21/01/2025,TQQQ.N,TQQQ,84.5,84.1296,"655,433"
22/01/2025,TQQQ.N,TQQQ,87.79,88.064,"629,823"
23/01/2025,TQQQ.N,TQQQ,88.37,87.1465,"508,557"
24/01/2025,TQQQ.N,TQQQ,86.75,87.4419,"626,623"
27/01/2025,TQQQ.N,TQQQ,79.1,78.8061,"1,087,533"
28/01/2025,TQQQ.N,TQQQ,82.65,81.1711,"791,950"
29/01/2025,TQQQ.N,TQQQ,82.11,81.7154,"1,262,853"
30/01/2025,TQQQ.N,TQQQ,83.15,82.8805,"1,014,103"
31/01/2025,TQQQ.N,TQQQ,82.75,85.0784,"868,733"
03/02/2025,TQQQ.N,TQQQ,80.69,80.0156,"1,177,880"
04/02/2025,TQQQ.N,TQQQ,83.69,83.0947,"653,375"
05/02/2025,TQQQ.N,TQQQ,84.74,83.6801,"765,437"
06/02/2025,TQQQ.N,TQQQ,86.02,85.1816,"442,494"
07/02/2025,TQQQ.N,TQQQ,82.72,84.0109,"671,664"
10/02/2025,TQQQ.N,TQQQ,85.67,85.6841,"824,826"
11/02/2025,TQQQ.N,TQQQ,85.03,85.127,"538,339"
12/02/2025,TQQQ.N,TQQQ,85.19,84.3666,"979,039"
13/02/2025,TQQQ.N,TQQQ,88.815,87.3205,"754,085"
14/02/2025,TQQQ.N,TQQQ,89.82,89.3251,"799,518"
17/02/2025,TQQQ.N,TQQQ,"-9,999,402","-9,999,402","-9,999,402"
18/02/2025,TQQQ.N,TQQQ,90.39,89.6758,"750,566"
19/02/2025,TQQQ.N,TQQQ,90.48,90.0901,"653,860"
20/02/2025,TQQQ.N,TQQQ,89.26,88.345,"780,073"
21/02/2025,TQQQ.N,TQQQ,83.68,85.9221,"1,165,966"
24/02/2025,TQQQ.N,TQQQ,80.65,82.2493,"1,293,358"
25/02/2025,TQQQ.N,TQQQ,77.57,77.6918,"1,910,006"
26/02/2025,TQQQ.N,TQQQ,78.101,78.7458,"1,116,932"
27/02/2025,TQQQ.N,TQQQ,71.64,75.2184,"1,916,698"
28/02/2025,TQQQ.N,TQQQ,74.89,72.269,"2,204,423"
03/03/2025,TQQQ.N,TQQQ,70.11,72.4933,"1,636,074"
04/03/2025,TQQQ.N,TQQQ,69.21,68.7922,"2,534,875"
05/03/2025,TQQQ.N,TQQQ,72.02,70.0518,"1,546,141"
06/03/2025,TQQQ.N,TQQQ,66.06,67.6121,"1,747,674"
07/03/2025,TQQQ.N,TQQQ,67.46,65.647,"2,515,811"
10/03/2025,TQQQ.N,TQQQ,59.75,61.0387,"2,995,708"
11/03/2025,TQQQ.N,TQQQ,59.14,59.6585,"1,840,113"
12/03/2025,TQQQ.N,TQQQ,61.18,61.2479,"4,590,473"
13/03/2025,TQQQ.N,TQQQ,57.78,58.7593,"2,609,361"
14/03/2025,TQQQ.N,TQQQ,61.91,60.8533,"2,631,008"
17/03/2025,TQQQ.N,TQQQ,63.09,62.6413,"1,385,967"
18/03/2025,TQQQ.N,TQQQ,59.9,59.9612,"1,434,614"
19/03/2025,TQQQ.N,TQQQ,62.21,61.7248,"1,271,941"
21/03/2024,PSQ,PSQ,8.7,8.6693,"16,818,866"
22/03/2024,PSQ,PSQ,8.7,8.7141,"8,603,561"
25/03/2024,PSQ,PSQ,8.73,8.7343,"10,693,178"
26/03/2024,PSQ,PSQ,8.77,8.7218,"10,140,097"
27/03/2024,PSQ,PSQ,8.75,8.7672,"15,368,834"
28/03/2024,PSQ,PSQ,8.76,8.7542,"12,447,091"
29/03/2024,PSQ,PSQ,"-9,999,402","-9,999,402","-9,999,402"
01/04/2024,PSQ,PSQ,8.75,8.7478,"9,265,774"
02/04/2024,PSQ,PSQ,8.82,8.8554,"8,664,056"
03/04/2024,PSQ,PSQ,8.81,8.8115,"10,112,013"
04/04/2024,PSQ,PSQ,8.96,8.8384,"20,270,851"
05/04/2024,PSQ,PSQ,8.84,8.8523,"19,431,423"
08/04/2024,PSQ,PSQ,8.84,8.8408,"11,769,545"
09/04/2024,PSQ,PSQ,8.82,8.8522,"14,883,684"
10/04/2024,PSQ,PSQ,44.47,44.5365,"8,399,983"
11/04/2024,PSQ,PSQ,43.77,44.199,"7,941,607"
12/04/2024,PSQ,PSQ,44.5,44.3884,"5,900,513"
15/04/2024,PSQ,PSQ,45.24,44.8042,"5,707,188"
16/04/2024,PSQ,PSQ,45.24,45.2197,"7,474,510"
17/04/2024,PSQ,PSQ,45.81,45.5507,"4,784,690"
18/04/2024,PSQ,PSQ,46.1,45.9109,"4,022,728"
19/04/2024,PSQ,PSQ,47.06,46.7725,"6,938,293"
22/04/2024,PSQ,PSQ,46.61,46.7103,"4,733,355"
23/04/2024,PSQ,PSQ,45.92,46.122,"4,957,441"
24/04/2024,PSQ,PSQ,45.79,45.7432,"3,711,799"
25/04/2024,PSQ,PSQ,46.05,46.3571,"4,178,599"
26/04/2024,PSQ,PSQ,45.33,45.373,"3,839,505"
29/04/2024,PSQ,PSQ,45.16,45.2328,"2,635,345"
30/04/2024,PSQ,PSQ,46.02,45.5972,"3,500,064"
01/05/2024,PSQ,PSQ,46.37,46.1227,"4,977,891"
02/05/2024,PSQ,PSQ,45.81,46.0716,"4,443,149"
03/05/2024,PSQ,PSQ,44.92,44.9979,"4,311,453"
06/05/2024,PSQ,PSQ,44.42,44.6147,"3,457,768"
07/05/2024,PSQ,PSQ,44.43,44.3823,"4,005,503"
08/05/2024,PSQ,PSQ,44.46,44.5071,"2,885,815"
09/05/2024,PSQ,PSQ,44.4,44.477,"2,369,065"
10/05/2024,PSQ,PSQ,44.31,44.3194,"2,377,566"
13/05/2024,PSQ,PSQ,44.23,44.2368,"1,879,888"
14/05/2024,PSQ,PSQ,43.94,44.1366,"3,026,800"
15/05/2024,PSQ,PSQ,43.29,43.4741,"3,025,894"
16/05/2024,PSQ,PSQ,43.39,43.2799,"3,984,758"
17/05/2024,PSQ,PSQ,43.43,43.4441,"2,646,742"
20/05/2024,PSQ,PSQ,43.14,43.1967,"2,209,930"
21/05/2024,PSQ,PSQ,43.07,43.1716,"1,635,336"
22/05/2024,PSQ,PSQ,43.08,43.1593,"2,907,896"
23/05/2024,PSQ,PSQ,43.31,42.9806,"6,359,890"
24/05/2024,PSQ,PSQ,42.92,42.9607,"5,506,220"
27/05/2024,PSQ,PSQ,"-9,999,402","-9,999,402","-9,999,402"
28/05/2024,PSQ,PSQ,42.77,42.8738,"2,604,213"
29/05/2024,PSQ,PSQ,43.07,43.02,"3,114,964"
30/05/2024,PSQ,PSQ,43.54,43.3929,"2,994,052"
31/05/2024,PSQ,PSQ,43.56,43.9736,"5,038,441"
03/06/2024,PSQ,PSQ,43.45,43.5771,"3,813,759"
04/06/2024,PSQ,PSQ,43.33,43.4926,"3,894,222"
05/06/2024,PSQ,PSQ,42.47,42.7831,"3,492,000"
06/06/2024,PSQ,PSQ,42.49,42.5011,"2,273,989"
07/06/2024,PSQ,PSQ,42.56,42.5436,"2,323,444"
10/06/2024,PSQ,PSQ,42.42,42.5093,"1,305,888"
11/06/2024,PSQ,PSQ,42.12,42.4035,"1,883,211"
12/06/2024,PSQ,PSQ,41.59,41.5877,"3,515,455"
13/06/2024,PSQ,PSQ,41.37,41.3767,"2,198,413"
14/06/2024,PSQ,PSQ,41.2,41.3145,"1,387,180"
17/06/2024,PSQ,PSQ,40.69,40.8541,"2,422,384"
18/06/2024,PSQ,PSQ,40.7,40.7267,"1,634,370"
19/06/2024,PSQ,PSQ,"-9,999,402","-9,999,402","-9,999,402"
20/06/2024,PSQ,PSQ,41.04,40.8973,"2,333,323"
21/06/2024,PSQ,PSQ,41.18,41.139,"1,950,582"
24/06/2024,PSQ,PSQ,41.66,41.4013,"2,583,511"
25/06/2024,PSQ,PSQ,41.17,41.305,"1,635,471"
26/06/2024,PSQ,PSQ,40.35,40.4004,"2,005,274"
27/06/2024,PSQ,PSQ,40.26,40.2855,"1,452,731"
28/06/2024,PSQ,PSQ,40.5,40.2537,"3,369,024"
01/07/2024,PSQ,PSQ,40.28,40.4529,"3,680,650"
02/07/2024,PSQ,PSQ,39.87,40.1321,"2,736,152"
03/07/2024,PSQ,PSQ,39.56,39.7535,"2,116,526"
04/07/2024,PSQ,PSQ,"-9,999,402","-9,999,402","-9,999,402"
05/07/2024,PSQ,PSQ,39.16,39.2835,"3,783,173"
08/07/2024,PSQ,PSQ,39.09,39.1537,"2,459,781"
09/07/2024,PSQ,PSQ,39.07,39.0454,"2,405,034"
10/07/2024,PSQ,PSQ,38.66,38.7571,"4,710,478"
11/07/2024,PSQ,PSQ,39.53,39.1832,"7,502,061"
12/07/2024,PSQ,PSQ,39.33,39.2347,"3,005,358"
15/07/2024,PSQ,PSQ,39.23,39.1342,"4,152,624"
16/07/2024,PSQ,PSQ,39.22,39.3172,"2,223,631"
17/07/2024,PSQ,PSQ,40.37,40.2387,"6,388,445"
18/07/2024,PSQ,PSQ,40.59,40.5435,"4,726,355"
19/07/2024,PSQ,PSQ,40.98,40.7996,"6,245,427"
22/07/2024,PSQ,PSQ,40.37,40.4998,"3,962,492"
23/07/2024,PSQ,PSQ,40.53,40.4156,"3,009,976"
24/07/2024,PSQ,PSQ,42,41.6091,"7,301,555"
25/07/2024,PSQ,PSQ,42.48,42.097,"7,156,509"
26/07/2024,PSQ,PSQ,42.07,42.1228,"4,015,148"
29/07/2024,PSQ,PSQ,42,41.8815,"2,723,818"
30/07/2024,PSQ,PSQ,42.58,42.3846,"3,667,547"
31/07/2024,PSQ,PSQ,41.34,41.4517,"5,642,474"
01/08/2024,PSQ,PSQ,42.33,42.0039,"6,870,583"
02/08/2024,PSQ,PSQ,43.39,43.4687,"15,541,682"
05/08/2024,PSQ,PSQ,44.63,44.7298,"13,226,392"
06/08/2024,PSQ,PSQ,44.28,44.0464,"10,610,827"
07/08/2024,PSQ,PSQ,44.77,43.9978,"7,089,788"
08/08/2024,PSQ,PSQ,43.41,43.7533,"6,704,026"
09/08/2024,PSQ,PSQ,43.2,43.3792,"2,460,973"
12/08/2024,PSQ,PSQ,43.12,43.1316,"2,208,325"
13/08/2024,PSQ,PSQ,42.08,42.2716,"3,499,827"
14/08/2024,PSQ,PSQ,42.06,42.1512,"1,928,959"
15/08/2024,PSQ,PSQ,41.01,41.2252,"4,892,310"
16/08/2024,PSQ,PSQ,40.99,41.0876,"1,965,030"
19/08/2024,PSQ,PSQ,40.47,40.7505,"1,765,211"
20/08/2024,PSQ,PSQ,40.57,40.5397,"2,048,552"
21/08/2024,PSQ,PSQ,40.37,40.4511,"3,159,215"
22/08/2024,PSQ,PSQ,41.04,40.7518,"3,262,334"
23/08/2024,PSQ,PSQ,40.61,40.7186,"4,030,063"
26/08/2024,PSQ,PSQ,41.03,40.9781,"2,704,521"
27/08/2024,PSQ,PSQ,40.91,40.9904,"2,319,158"
28/08/2024,PSQ,PSQ,41.4,41.3623,"3,271,285"
29/08/2024,PSQ,PSQ,41.45,41.1417,"5,606,544"
30/08/2024,PSQ,PSQ,41,41.1977,"2,658,324"
02/09/2024,PSQ,PSQ,"-9,999,402","-9,999,402","-9,999,402"
03/09/2024,PSQ,PSQ,42.26,41.9476,"5,576,721"
04/09/2024,PSQ,PSQ,42.38,42.3538,"4,692,664"
05/09/2024,PSQ,PSQ,42.35,42.37,"3,823,979"
06/09/2024,PSQ,PSQ,43.51,43.2043,"7,301,113"
09/09/2024,PSQ,PSQ,42.96,43.1024,"3,023,380"
10/09/2024,PSQ,PSQ,42.6,42.8161,"3,092,398"
11/09/2024,PSQ,PSQ,41.7,42.5542,"4,627,898"
12/09/2024,PSQ,PSQ,41.28,41.4388,"4,406,221"
13/09/2024,PSQ,PSQ,41.12,41.1076,"4,902,318"
16/09/2024,PSQ,PSQ,41.32,41.4318,"3,089,332"
17/09/2024,PSQ,PSQ,41.3,41.2148,"4,952,002"
18/09/2024,PSQ,PSQ,41.5,41.2278,"4,433,324"
19/09/2024,PSQ,PSQ,40.46,40.4301,"4,436,114"
20/09/2024,PSQ,PSQ,40.58,40.6302,"2,672,362"
23/09/2024,PSQ,PSQ,40.48,40.4897,"1,803,544"
24/09/2024,PSQ,PSQ,40.29,40.3935,"3,031,793"
25/09/2024,PSQ,PSQ,39.57,39.5699,"1,878,851"
26/09/2024,PSQ,PSQ,39.3,39.3351,"3,466,918"
27/09/2024,PSQ,PSQ,39.54,39.4528,"2,473,956"
30/09/2024,PSQ,PSQ,39.44,39.5996,"4,337,693"
01/10/2024,PSQ,PSQ,40,40.019,"6,456,651"
02/10/2024,PSQ,PSQ,39.96,39.9827,"3,210,661"
03/10/2024,PSQ,PSQ,39.99,40.0196,"3,775,344"
04/10/2024,PSQ,PSQ,39.53,39.7257,"4,810,577"
07/10/2024,PSQ,PSQ,39.98,39.7818,"3,708,726"
08/10/2024,PSQ,PSQ,39.38,39.5326,"3,609,288"
09/10/2024,PSQ,PSQ,39.07,39.2178,"3,422,062"
10/10/2024,PSQ,PSQ,39.14,39.1725,"3,339,127"
11/10/2024,PSQ,PSQ,39.12,39.1695,"2,373,042"
14/10/2024,PSQ,PSQ,38.78,38.8721,"4,818,013"
15/10/2024,PSQ,PSQ,39.32,39.1524,"3,800,291"
16/10/2024,PSQ,PSQ,39.32,39.3898,"2,115,145"
17/10/2024,PSQ,PSQ,39.28,39.1255,"2,524,805"
18/10/2024,PSQ,PSQ,39.06,39.0654,"1,921,621"
21/10/2024,PSQ,PSQ,38.99,39.125,"2,895,162"
22/10/2024,PSQ,PSQ,38.96,39.0297,"3,181,170"
23/10/2024,PSQ,PSQ,39.57,39.4573,"3,791,649"
24/10/2024,PSQ,PSQ,39.26,39.3225,"2,301,790"
25/10/2024,PSQ,PSQ,39.05,38.8874,"3,271,643"
28/10/2024,PSQ,PSQ,39.05,38.9271,"3,188,253"
29/10/2024,PSQ,PSQ,38.68,38.82,"3,184,314"
30/10/2024,PSQ,PSQ,38.98,38.8407,"3,496,254"
31/10/2024,PSQ,PSQ,39.97,39.8143,"5,084,589"
01/11/2024,PSQ,PSQ,39.72,39.6295,"4,509,628"
04/11/2024,PSQ,PSQ,39.84,39.7616,"3,326,255"
05/11/2024,PSQ,PSQ,39.34,39.4377,"3,052,571"
06/11/2024,PSQ,PSQ,38.26,38.4636,"8,072,868"
07/11/2024,PSQ,PSQ,37.68,37.7887,"5,033,213"
08/11/2024,PSQ,PSQ,37.67,37.6994,"3,187,466"
11/11/2024,PSQ,PSQ,37.7,37.7443,"3,749,480"
12/11/2024,PSQ,PSQ,37.77,37.779,"4,425,952"
13/11/2024,PSQ,PSQ,37.82,37.7971,"3,918,812"
14/11/2024,PSQ,PSQ,38.11,37.9802,"3,883,316"
15/11/2024,PSQ,PSQ,39.05,38.8878,"6,788,657"
18/11/2024,PSQ,PSQ,38.77,38.8167,"1,835,048"
19/11/2024,PSQ,PSQ,38.5,38.6989,"3,272,584"
20/11/2024,PSQ,PSQ,38.55,38.7686,"5,054,802"
21/11/2024,PSQ,PSQ,38.41,38.5457,"5,223,862"
22/11/2024,PSQ,PSQ,38.37,38.4266,"3,748,520"
25/11/2024,PSQ,PSQ,38.32,38.2661,"3,745,258"
26/11/2024,PSQ,PSQ,38.12,38.1777,"3,200,718"
27/11/2024,PSQ,PSQ,38.44,38.485,"2,286,370"
28/11/2024,PSQ,PSQ,"-9,999,402","-9,999,402","-9,999,402"
29/11/2024,PSQ,PSQ,38.14,38.2071,"1,304,481"
02/12/2024,PSQ,PSQ,37.72,37.7669,"2,506,853"
03/12/2024,PSQ,PSQ,37.61,37.7131,"2,220,404"
04/12/2024,PSQ,PSQ,37.17,37.2711,"2,882,544"
05/12/2024,PSQ,PSQ,37.27,37.2169,"2,638,844"
06/12/2024,PSQ,PSQ,36.97,37.0268,"2,058,080"
09/12/2024,PSQ,PSQ,37.27,37.2032,"2,263,083"
10/12/2024,PSQ,PSQ,37.41,37.2946,"2,528,185"
11/12/2024,PSQ,PSQ,36.73,36.817,"2,908,477"
12/12/2024,PSQ,PSQ,36.99,36.9033,"1,389,557"
13/12/2024,PSQ,PSQ,36.73,36.7465,"2,754,968"
16/12/2024,PSQ,PSQ,36.2,36.3001,"3,003,194"
17/12/2024,PSQ,PSQ,36.36,36.3793,"2,248,633"
18/12/2024,PSQ,PSQ,37.68,36.9212,"4,873,927"
19/12/2024,PSQ,PSQ,37.87,37.5973,"6,093,016"
20/12/2024,PSQ,PSQ,37.54,37.5832,"5,729,856"
23/12/2024,PSQ,PSQ,36.51,36.687,"2,649,277"
24/12/2024,PSQ,PSQ,36.04,36.1974,"1,854,068"
25/12/2024,PSQ,PSQ,"-9,999,402","-9,999,402","-9,999,402"
26/12/2024,PSQ,PSQ,36.07,36.0847,"2,687,047"
27/12/2024,PSQ,PSQ,36.58,36.7133,"4,897,384"
30/12/2024,PSQ,PSQ,37.08,37.054,"4,876,429"
31/12/2024,PSQ,PSQ,37.4,37.2395,"6,049,292"
01/01/2025,PSQ,PSQ,"-9,999,402","-9,999,402","-9,999,402"
02/01/2025,PSQ,PSQ,37.49,37.4975,"5,906,447"
03/01/2025,PSQ,PSQ,36.9,36.9927,"4,650,877"
06/01/2025,PSQ,PSQ,36.47,36.4012,"6,344,644"
07/01/2025,PSQ,PSQ,37.14,36.9209,"6,924,768"
08/01/2025,PSQ,PSQ,37.13,37.1827,"4,759,421"
09/01/2025,PSQ,PSQ,"-9,999,402","-9,999,402","-9,999,402"
10/01/2025,PSQ,PSQ,37.74,37.7246,"4,996,237"
13/01/2025,PSQ,PSQ,37.88,38.0601,"3,883,982"
14/01/2025,PSQ,PSQ,37.92,37.8872,"3,872,689"
15/01/2025,PSQ,PSQ,37.07,37.1536,"3,500,290"
16/01/2025,PSQ,PSQ,37.32,37.1139,"3,108,652"
17/01/2025,PSQ,PSQ,36.72,36.741,"2,589,301"
20/01/2025,PSQ,PSQ,"-9,999,402","-9,999,402","-9,999,402"
21/01/2025,PSQ,PSQ,36.51,36.6214,"1,962,917"
22/01/2025,PSQ,PSQ,36.05,36.0374,"2,018,788"
23/01/2025,PSQ,PSQ,35.98,36.1567,"2,251,047"
24/01/2025,PSQ,PSQ,36.22,36.1305,"1,582,231"
27/01/2025,PSQ,PSQ,37.29,37.3197,"6,104,645"
28/01/2025,PSQ,PSQ,36.73,36.9422,"3,117,315"
29/01/2025,PSQ,PSQ,36.8,36.8632,"3,829,350"
30/01/2025,PSQ,PSQ,36.65,36.685,"3,491,201"
31/01/2025,PSQ,PSQ,36.74,36.4157,"4,984,272"
03/02/2025,PSQ,PSQ,37.03,37.1499,"7,091,802"
04/02/2025,PSQ,PSQ,36.58,36.6885,"4,427,547"
05/02/2025,PSQ,PSQ,36.44,36.6341,"2,551,739"
06/02/2025,PSQ,PSQ,36.24,36.3688,"2,875,295"
07/02/2025,PSQ,PSQ,36.73,36.5426,"4,912,388"
10/02/2025,PSQ,PSQ,36.3,36.3045,"3,513,075"
11/02/2025,PSQ,PSQ,36.39,36.3808,"2,062,841"
12/02/2025,PSQ,PSQ,36.37,36.4753,"2,830,750"
13/02/2025,PSQ,PSQ,35.85,36.0466,"4,299,755"
14/02/2025,PSQ,PSQ,35.74,35.803,"3,268,277"
17/02/2025,PSQ,PSQ,"-9,999,402","-9,999,402","-9,999,402"
18/02/2025,PSQ,PSQ,35.66,35.7585,"3,353,976"
19/02/2025,PSQ,PSQ,35.67,35.705,"3,517,081"
20/02/2025,PSQ,PSQ,35.82,35.9342,"3,055,608"
21/02/2025,PSQ,PSQ,36.59,36.2719,"5,350,520"
24/02/2025,PSQ,PSQ,37.03,36.7947,"5,507,333"
25/02/2025,PSQ,PSQ,37.5,37.4869,"6,628,263"
26/02/2025,PSQ,PSQ,37.43,37.3253,"4,858,539"
27/02/2025,PSQ,PSQ,38.46,37.8017,"7,850,276"
28/02/2025,PSQ,PSQ,37.88,38.3733,"8,082,388"
03/03/2025,PSQ,PSQ,38.69,38.15,"8,894,108"
04/03/2025,PSQ,PSQ,38.85,38.9732,"8,702,772"
05/03/2025,PSQ,PSQ,38.34,38.8014,"12,688,621"
06/03/2025,PSQ,PSQ,39.4,39.1654,"7,080,869"
07/03/2025,PSQ,PSQ,39.14,39.5034,"9,135,460"
10/03/2025,PSQ,PSQ,40.63,40.3891,"7,278,262"
11/03/2025,PSQ,PSQ,40.77,40.6638,"8,944,889"
12/03/2025,PSQ,PSQ,40.31,40.2952,"8,362,124"
13/03/2025,PSQ,PSQ,41.05,40.7923,"6,771,563"
14/03/2025,PSQ,PSQ,40.09,40.3038,"4,953,784"
17/03/2025,PSQ,PSQ,39.83,39.9293,"4,161,834"
18/03/2025,PSQ,PSQ,40.52,40.4896,"4,798,771"
19/03/2025,PSQ,PSQ,40.01,40.1009,"4,084,920"
21/03/2024,SQQQ.N,SQQQ,10.305,10.1532,"6,200,475"
22/03/2024,SQQQ.N,SQQQ,10.271,10.2998,"7,145,346"
25/03/2024,SQQQ.N,SQQQ,10.38,10.3665,"4,836,853"
26/03/2024,SQQQ.N,SQQQ,10.49,10.3274,"4,617,132"
27/03/2024,SQQQ.N,SQQQ,10.41,10.5115,"5,309,473"
28/03/2024,SQQQ.N,SQQQ,10.48,10.4401,"4,803,414"
29/03/2024,SQQQ.N,SQQQ,"-9,999,402","-9,999,402","-9,999,402"
01/04/2024,SQQQ.N,SQQQ,10.41,10.4285,"7,298,696"
02/04/2024,SQQQ.N,SQQQ,10.691,10.7889,"6,231,078"
03/04/2024,SQQQ.N,SQQQ,10.615,10.5779,"8,298,500"
04/04/2024,SQQQ.N,SQQQ,11.14,10.6483,"8,683,104"
05/04/2024,SQQQ.N,SQQQ,10.715,10.7386,"10,492,937"
08/04/2024,SQQQ.N,SQQQ,10.73,10.7113,"5,422,947"
09/04/2024,SQQQ.N,SQQQ,10.62,10.7735,"9,130,532"
10/04/2024,SQQQ.N,SQQQ,10.915,10.9542,"7,695,024"
11/04/2024,SQQQ.N,SQQQ,10.395,10.615,"9,367,939"
12/04/2024,SQQQ.N,SQQQ,10.9,10.8511,"9,388,116"
15/04/2024,SQQQ.N,SQQQ,11.45,11.1114,"11,441,793"
16/04/2024,SQQQ.N,SQQQ,11.44,11.4091,"11,866,228"
17/04/2024,SQQQ.N,SQQQ,11.87,11.7011,"8,440,547"
18/04/2024,SQQQ.N,SQQQ,12.09,11.949,"10,459,529"
19/04/2024,SQQQ.N,SQQQ,12.84,12.6395,"13,721,899"
22/04/2024,SQQQ.N,SQQQ,12.47,12.5739,"11,353,636"
23/04/2024,SQQQ.N,SQQQ,11.92,11.9681,"9,034,386"
24/04/2024,SQQQ.N,SQQQ,11.805,11.8044,"10,107,164"
25/04/2024,SQQQ.N,SQQQ,12,12.2171,"8,588,333"
26/04/2024,SQQQ.N,SQQQ,11.41,11.4398,"8,659,363"
29/04/2024,SQQQ.N,SQQQ,11.31,11.36,"7,659,417"
30/04/2024,SQQQ.N,SQQQ,11.94,11.6144,"9,290,894"
01/05/2024,SQQQ.N,SQQQ,12.23,12.0069,"11,083,290"
02/05/2024,SQQQ.N,SQQQ,11.77,11.9381,"9,311,437"
03/05/2024,SQQQ.N,SQQQ,11.075,11.1237,"9,398,210"
06/05/2024,SQQQ.N,SQQQ,10.71,10.8643,"6,530,204"
07/05/2024,SQQQ.N,SQQQ,10.7,10.6799,"9,864,988"
08/05/2024,SQQQ.N,SQQQ,10.735,10.7508,"7,380,027"
09/05/2024,SQQQ.N,SQQQ,10.69,10.7181,"6,335,979"
10/05/2024,SQQQ.N,SQQQ,10.611,10.629,"7,892,772"
13/05/2024,SQQQ.N,SQQQ,10.55,10.5611,"5,404,245"
14/05/2024,SQQQ.N,SQQQ,10.34,10.4609,"9,178,729"
15/05/2024,SQQQ.N,SQQQ,9.875,10.0156,"8,622,314"
16/05/2024,SQQQ.N,SQQQ,9.945,9.8583,"7,828,111"
17/05/2024,SQQQ.N,SQQQ,9.97,9.9841,"7,043,630"
20/05/2024,SQQQ.N,SQQQ,9.77,9.7949,"6,082,878"
21/05/2024,SQQQ.N,SQQQ,9.715,9.7861,"4,622,675"
22/05/2024,SQQQ.N,SQQQ,9.73,9.7423,"4,855,040"
23/05/2024,SQQQ.N,SQQQ,9.88,9.6991,"7,283,535"
24/05/2024,SQQQ.N,SQQQ,9.6,9.6165,"7,921,322"
27/05/2024,SQQQ.N,SQQQ,"-9,999,402","-9,999,402","-9,999,402"
28/05/2024,SQQQ.N,SQQQ,9.499,9.5712,"6,975,624"
29/05/2024,SQQQ.N,SQQQ,9.71,9.6518,"8,150,097"
30/05/2024,SQQQ.N,SQQQ,10.02,9.8994,"8,113,679"
31/05/2024,SQQQ.N,SQQQ,10.04,10.3734,"8,582,448"
03/06/2024,SQQQ.N,SQQQ,9.935,10.0539,"8,523,581"
04/06/2024,SQQQ.N,SQQQ,9.86,9.9664,"7,137,435"
05/06/2024,SQQQ.N,SQQQ,9.27,9.4544,"9,058,980"
06/06/2024,SQQQ.N,SQQQ,9.285,9.2828,"6,181,971"
07/06/2024,SQQQ.N,SQQQ,9.33,9.2959,"6,851,434"
10/06/2024,SQQQ.N,SQQQ,9.23,9.2791,"7,134,710"
11/06/2024,SQQQ.N,SQQQ,9.03,9.191,"7,135,964"
12/06/2024,SQQQ.N,SQQQ,8.685,8.6675,"9,516,827"
13/06/2024,SQQQ.N,SQQQ,8.545,8.5583,"8,197,013"
14/06/2024,SQQQ.N,SQQQ,8.43,8.5,"6,389,655"
17/06/2024,SQQQ.N,SQQQ,8.13,8.2278,"8,441,075"
18/06/2024,SQQQ.N,SQQQ,8.129,8.1394,"5,639,403"
19/06/2024,SQQQ.N,SQQQ,"-9,999,402","-9,999,402","-9,999,402"
20/06/2024,SQQQ.N,SQQQ,8.32,8.2405,"11,384,428"
21/06/2024,SQQQ.N,SQQQ,8.385,8.3723,"7,308,872"
24/06/2024,SQQQ.N,SQQQ,8.685,8.5254,"9,413,154"
25/06/2024,SQQQ.N,SQQQ,8.385,8.4735,"8,399,326"
26/06/2024,SQQQ.N,SQQQ,8.185,8.2243,"6,916,820"
27/06/2024,SQQQ.N,SQQQ,8.14,8.1481,"5,991,657"
28/06/2024,SQQQ.N,SQQQ,8.28,8.0975,"8,515,668"
01/07/2024,SQQQ.N,SQQQ,8.12,8.2279,"10,814,728"
02/07/2024,SQQQ.N,SQQQ,7.875,8.0225,"6,766,563"
03/07/2024,SQQQ.N,SQQQ,7.695,7.7913,"3,720,653"
04/07/2024,SQQQ.N,SQQQ,"-9,999,402","-9,999,402","-9,999,402"
05/07/2024,SQQQ.N,SQQQ,7.46,7.5221,"6,716,864"
08/07/2024,SQQQ.N,SQQQ,7.42,7.4428,"5,527,165"
09/07/2024,SQQQ.N,SQQQ,7.399,7.3863,"5,966,224"
10/07/2024,SQQQ.N,SQQQ,7.16,7.2457,"6,004,957"
11/07/2024,SQQQ.N,SQQQ,7.63,7.5044,"9,690,599"
12/07/2024,SQQQ.N,SQQQ,7.545,7.4343,"9,359,959"
15/07/2024,SQQQ.N,SQQQ,7.465,7.4058,"5,879,060"
16/07/2024,SQQQ.N,SQQQ,7.461,7.5151,"8,555,417"
17/07/2024,SQQQ.N,SQQQ,8.115,8.0124,"9,305,436"
18/07/2024,SQQQ.N,SQQQ,8.245,8.2386,"12,603,637"
19/07/2024,SQQQ.N,SQQQ,8.465,8.3997,"8,924,804"
22/07/2024,SQQQ.N,SQQQ,8.09,8.1521,"8,656,297"
23/07/2024,SQQQ.N,SQQQ,8.18,8.1021,"4,422,657"
24/07/2024,SQQQ.N,SQQQ,9.08,8.8811,"7,929,389"
25/07/2024,SQQQ.N,SQQQ,9.35,9.112,"8,995,648"
26/07/2024,SQQQ.N,SQQQ,9.1,9.1276,"4,967,916"
29/07/2024,SQQQ.N,SQQQ,9.055,8.9808,"9,598,921"
30/07/2024,SQQQ.N,SQQQ,9.435,9.358,"8,990,075"
31/07/2024,SQQQ.N,SQQQ,8.6,8.6515,"10,714,912"
01/08/2024,SQQQ.N,SQQQ,9.22,9.0445,"15,627,389"
02/08/2024,SQQQ.N,SQQQ,9.895,9.9498,"10,260,099"
05/08/2024,SQQQ.N,SQQQ,10.75,10.8512,"13,516,792"
06/08/2024,SQQQ.N,SQQQ,10.49,10.2582,"11,893,073"
07/08/2024,SQQQ.N,SQQQ,10.83,10.2789,"12,521,607"
08/08/2024,SQQQ.N,SQQQ,9.845,10.0674,"8,005,129"
09/08/2024,SQQQ.N,SQQQ,9.7,9.798,"4,209,973"
12/08/2024,SQQQ.N,SQQQ,9.65,9.6402,"3,268,658"
13/08/2024,SQQQ.N,SQQQ,8.921,9.1051,"4,671,826"
14/08/2024,SQQQ.N,SQQQ,8.92,8.98,"5,712,319"
15/08/2024,SQQQ.N,SQQQ,8.265,8.3596,"5,258,675"
16/08/2024,SQQQ.N,SQQQ,8.235,8.2855,"4,428,140"
19/08/2024,SQQQ.N,SQQQ,7.92,8.1451,"4,057,056"
20/08/2024,SQQQ.N,SQQQ,7.985,7.9677,"5,851,289"
21/08/2024,SQQQ.N,SQQQ,7.86,7.9075,"3,958,975"
22/08/2024,SQQQ.N,SQQQ,8.25,8.0616,"8,131,530"
23/08/2024,SQQQ.N,SQQQ,7.985,8.0351,"5,151,136"
26/08/2024,SQQQ.N,SQQQ,8.235,8.2177,"6,083,787"
27/08/2024,SQQQ.N,SQQQ,8.155,8.1904,"4,173,207"
28/08/2024,SQQQ.N,SQQQ,8.45,8.4197,"6,552,608"
29/08/2024,SQQQ.N,SQQQ,8.48,8.2607,"6,554,782"
30/08/2024,SQQQ.N,SQQQ,8.18,8.3255,"7,292,516"
02/09/2024,SQQQ.N,SQQQ,"-9,999,402","-9,999,402","-9,999,402"
03/09/2024,SQQQ.N,SQQQ,8.94,8.7167,"4,288,660"
04/09/2024,SQQQ.N,SQQQ,9.015,8.9623,"10,709,515"
05/09/2024,SQQQ.N,SQQQ,9,9.0009,"6,027,685"
06/09/2024,SQQQ.N,SQQQ,9.731,9.5835,"9,405,175"
09/09/2024,SQQQ.N,SQQQ,9.36,9.4627,"8,121,387"
10/09/2024,SQQQ.N,SQQQ,9.095,9.2733,"5,431,518"
11/09/2024,SQQQ.N,SQQQ,8.535,9.0463,"9,913,343"
12/09/2024,SQQQ.N,SQQQ,8.279,8.3924,"5,280,791"
13/09/2024,SQQQ.N,SQQQ,8.17,8.1956,"5,454,718"
16/09/2024,SQQQ.N,SQQQ,8.3,8.3547,"4,985,301"
17/09/2024,SQQQ.N,SQQQ,8.3,8.2458,"3,965,666"
18/09/2024,SQQQ.N,SQQQ,8.4,8.2562,"9,926,955"
19/09/2024,SQQQ.N,SQQQ,7.76,7.7307,"8,116,491"
20/09/2024,SQQQ.N,SQQQ,7.825,7.8651,"6,828,291"
23/09/2024,SQQQ.N,SQQQ,7.765,7.7678,"6,515,521"
24/09/2024,SQQQ.N,SQQQ,7.655,7.711,"7,165,627"
25/09/2024,SQQQ.N,SQQQ,7.48,7.4753,"5,585,855"
26/09/2024,SQQQ.N,SQQQ,7.321,7.3524,"9,172,280"
27/09/2024,SQQQ.N,SQQQ,7.451,7.4045,"7,702,721"
30/09/2024,SQQQ.N,SQQQ,7.405,7.4919,"9,885,266"
01/10/2024,SQQQ.N,SQQQ,7.72,7.738,"9,726,359"
02/10/2024,SQQQ.N,SQQQ,7.68,7.6691,"6,197,825"
03/10/2024,SQQQ.N,SQQQ,7.691,7.7118,"7,909,429"
04/10/2024,SQQQ.N,SQQQ,7.431,7.5418,"9,823,155"
07/10/2024,SQQQ.N,SQQQ,7.69,7.5696,"9,015,367"
08/10/2024,SQQQ.N,SQQQ,7.34,7.4182,"6,968,276"
09/10/2024,SQQQ.N,SQQQ,7.16,7.2406,"8,912,927"
10/10/2024,SQQQ.N,SQQQ,7.195,7.2039,"6,863,690"
11/10/2024,SQQQ.N,SQQQ,7.175,7.1891,"5,542,057"
14/10/2024,SQQQ.N,SQQQ,7,7.0125,"7,246,298"
15/10/2024,SQQQ.N,SQQQ,7.28,7.2146,"12,420,341"
16/10/2024,SQQQ.N,SQQQ,7.27,7.3153,"5,484,444"
17/10/2024,SQQQ.N,SQQQ,7.255,7.1869,"6,007,910"
18/10/2024,SQQQ.N,SQQQ,7.13,7.1307,"6,428,041"
21/10/2024,SQQQ.N,SQQQ,7.095,7.1642,"7,384,146"
22/10/2024,SQQQ.N,SQQQ,7.075,7.1087,"7,715,211"
23/10/2024,SQQQ.N,SQQQ,7.405,7.3557,"9,099,380"
24/10/2024,SQQQ.N,SQQQ,7.23,7.269,"6,614,433"
25/10/2024,SQQQ.N,SQQQ,7.1,7.0134,"11,657,750"
28/10/2024,SQQQ.N,SQQQ,7.111,7.0545,"7,837,054"
29/10/2024,SQQQ.N,SQQQ,6.915,6.9858,"7,768,537"
30/10/2024,SQQQ.N,SQQQ,7.07,6.9789,"7,765,926"
31/10/2024,SQQQ.N,SQQQ,7.585,7.5148,"11,300,700"
01/11/2024,SQQQ.N,SQQQ,7.44,7.3932,"11,804,210"
04/11/2024,SQQQ.N,SQQQ,7.52,7.4693,"6,876,816"
05/11/2024,SQQQ.N,SQQQ,7.235,7.2672,"8,041,934"
06/11/2024,SQQQ.N,SQQQ,6.65,6.7517,"9,975,205"
07/11/2024,SQQQ.N,SQQQ,31.665,31.9798,"642,568"
08/11/2024,SQQQ.N,SQQQ,31.63,31.6842,"777,660"
11/11/2024,SQQQ.N,SQQQ,31.695,31.8151,"776,318"
12/11/2024,SQQQ.N,SQQQ,31.87,31.9013,"687,593"
13/11/2024,SQQQ.N,SQQQ,32.005,31.8507,"750,570"
14/11/2024,SQQQ.N,SQQQ,32.69,32.3728,"442,299"
15/11/2024,SQQQ.N,SQQQ,35.105,34.9456,"805,208"
18/11/2024,SQQQ.N,SQQQ,34.34,34.3279,"646,596"
19/11/2024,SQQQ.N,SQQQ,33.68,33.905,"662,684"
20/11/2024,SQQQ.N,SQQQ,33.765,34.3338,"529,242"
21/11/2024,SQQQ.N,SQQQ,33.349,33.7413,"416,944"
22/11/2024,SQQQ.N,SQQQ,33.285,33.3989,"392,743"
25/11/2024,SQQQ.N,SQQQ,33.13,33.0776,"400,257"
26/11/2024,SQQQ.N,SQQQ,32.61,32.7743,"386,533"
27/11/2024,SQQQ.N,SQQQ,33.42,33.5779,"490,650"
28/11/2024,SQQQ.N,SQQQ,"-9,999,402","-9,999,402","-9,999,402"
29/11/2024,SQQQ.N,SQQQ,32.59,32.7685,"259,819"
02/12/2024,SQQQ.N,SQQQ,31.54,31.6407,"624,257"
03/12/2024,SQQQ.N,SQQQ,31.26,31.4882,"522,689"
04/12/2024,SQQQ.N,SQQQ,30.12,30.3454,"974,224"
05/12/2024,SQQQ.N,SQQQ,30.39,30.2064,"804,079"
06/12/2024,SQQQ.N,SQQQ,29.6,29.7358,"1,082,910"
09/12/2024,SQQQ.N,SQQQ,30.33,30.1424,"733,178"
10/12/2024,SQQQ.N,SQQQ,30.66,30.3533,"717,290"
11/12/2024,SQQQ.N,SQQQ,28.995,29.1877,"1,195,145"
12/12/2024,SQQQ.N,SQQQ,29.55,29.3788,"651,720"
13/12/2024,SQQQ.N,SQQQ,28.95,28.9781,"511,048"
16/12/2024,SQQQ.N,SQQQ,27.7,27.9962,"493,950"
17/12/2024,SQQQ.N,SQQQ,28.08,28.0973,"489,580"
18/12/2024,SQQQ.N,SQQQ,31.1,29.3468,"982,814"
19/12/2024,SQQQ.N,SQQQ,31.56,30.9543,"635,092"
20/12/2024,SQQQ.N,SQQQ,30.76,30.6433,"601,868"
23/12/2024,SQQQ.N,SQQQ,29.1,29.5102,"482,724"
24/12/2024,SQQQ.N,SQQQ,27.96,28.2795,"533,168"
25/12/2024,SQQQ.N,SQQQ,"-9,999,402","-9,999,402","-9,999,402"
26/12/2024,SQQQ.N,SQQQ,28.02,28.004,"508,479"
27/12/2024,SQQQ.N,SQQQ,29.16,29.4022,"731,962"
30/12/2024,SQQQ.N,SQQQ,30.33,30.379,"594,814"
31/12/2024,SQQQ.N,SQQQ,31.13,30.7918,"830,390"
01/01/2025,SQQQ.N,SQQQ,"-9,999,402","-9,999,402","-9,999,402"
02/01/2025,SQQQ.N,SQQQ,31.31,31.3385,"797,201"
03/01/2025,SQQQ.N,SQQQ,29.8,30.0056,"810,700"
06/01/2025,SQQQ.N,SQQQ,28.8,28.6834,"670,865"
07/01/2025,SQQQ.N,SQQQ,30.37,29.82,"946,024"
08/01/2025,SQQQ.N,SQQQ,30.37,30.5205,"811,243"
09/01/2025,SQQQ.N,SQQQ,"-9,999,402","-9,999,402","-9,999,402"
10/01/2025,SQQQ.N,SQQQ,31.84,31.8172,"1,429,219"
13/01/2025,SQQQ.N,SQQQ,32.161,32.7403,"461,438"
14/01/2025,SQQQ.N,SQQQ,32.26,32.1766,"538,354"
15/01/2025,SQQQ.N,SQQQ,30.1,30.1997,"1,001,723"
16/01/2025,SQQQ.N,SQQQ,30.7,30.1882,"338,384"
17/01/2025,SQQQ.N,SQQQ,29.19,29.1988,"931,382"
20/01/2025,SQQQ.N,SQQQ,"-9,999,402","-9,999,402","-9,999,402"
21/01/2025,SQQQ.N,SQQQ,28.76,28.8505,"704,122"
22/01/2025,SQQQ.N,SQQQ,27.61,27.5084,"886,962"
23/01/2025,SQQQ.N,SQQQ,27.45,27.8196,"735,487"
24/01/2025,SQQQ.N,SQQQ,27.9,27.7657,"632,435"
27/01/2025,SQQQ.N,SQQQ,30.42,30.4397,"1,656,566"
28/01/2025,SQQQ.N,SQQQ,29.05,29.4639,"739,877"
29/01/2025,SQQQ.N,SQQQ,29.23,29.3711,"584,763"
30/01/2025,SQQQ.N,SQQQ,28.85,28.9867,"466,321"
31/01/2025,SQQQ.N,SQQQ,29.03,28.2429,"722,512"
03/02/2025,SQQQ.N,SQQQ,29.711,29.9456,"1,043,400"
04/02/2025,SQQQ.N,SQQQ,28.65,28.8588,"392,363"
05/02/2025,SQQQ.N,SQQQ,28.29,28.6537,"338,541"
06/02/2025,SQQQ.N,SQQQ,27.83,28.1347,"356,936"
07/02/2025,SQQQ.N,SQQQ,28.92,28.5089,"1,174,870"
10/02/2025,SQQQ.N,SQQQ,27.9,27.8922,"728,330"
11/02/2025,SQQQ.N,SQQQ,28.121,28.067,"709,935"
12/02/2025,SQQQ.N,SQQQ,28.041,28.2929,"1,361,494"
13/02/2025,SQQQ.N,SQQQ,26.85,27.3127,"1,445,629"
14/02/2025,SQQQ.N,SQQQ,26.59,26.6996,"1,068,616"
17/02/2025,SQQQ.N,SQQQ,"-9,999,402","-9,999,402","-9,999,402"
18/02/2025,SQQQ.N,SQQQ,26.46,26.6393,"867,289"
19/02/2025,SQQQ.N,SQQQ,26.385,26.4529,"713,024"
20/02/2025,SQQQ.N,SQQQ,26.76,27.0093,"1,360,881"
21/02/2025,SQQQ.N,SQQQ,28.43,27.8658,"2,352,121"
24/02/2025,SQQQ.N,SQQQ,29.47,28.889,"999,287"
25/02/2025,SQQQ.N,SQQQ,30.59,30.5659,"992,589"
26/02/2025,SQQQ.N,SQQQ,30.49,30.1588,"2,316,734"
27/02/2025,SQQQ.N,SQQQ,32.94,31.3529,"1,472,097"
28/02/2025,SQQQ.N,SQQQ,31.43,32.7109,"1,517,547"
03/03/2025,SQQQ.N,SQQQ,33.43,32.3472,"1,557,103"
04/03/2025,SQQQ.N,SQQQ,33.83,33.9307,"1,851,354"
05/03/2025,SQQQ.N,SQQQ,32.5,33.4653,"1,327,782"
06/03/2025,SQQQ.N,SQQQ,35.19,34.314,"1,238,892"
07/03/2025,SQQQ.N,SQQQ,34.47,35.571,"1,586,931"
10/03/2025,SQQQ.N,SQQQ,38.385,37.8193,"2,072,545"
11/03/2025,SQQQ.N,SQQQ,38.78,38.5602,"1,387,507"
12/03/2025,SQQQ.N,SQQQ,37.45,37.4326,"2,097,312"
13/03/2025,SQQQ.N,SQQQ,39.54,38.9659,"2,321,576"
14/03/2025,SQQQ.N,SQQQ,36.73,37.2457,"1,269,216"
17/03/2025,SQQQ.N,SQQQ,36.02,36.3099,"1,088,029"
18/03/2025,SQQQ.N,SQQQ,37.85,37.8446,"1,837,297"
19/03/2025,SQQQ.N,SQQQ,36.42,36.5405,"1,437,172"
21/03/2024,QQQ.O,QQQ,445.87,447.4627,"39,345,652"
22/03/2024,QQQ.O,QQQ,446.38,445.9994,"28,253,899"
25/03/2024,QQQ.O,QQQ,444.76,445.0235,"27,789,154"
26/03/2024,QQQ.O,QQQ,443.32,445.3525,"34,142,043"
27/03/2024,QQQ.O,QQQ,444.83,443.5013,"41,359,240"
28/03/2024,QQQ.O,QQQ,444.01,444.5582,"36,839,641"
29/03/2024,QQQ.O,QQQ,"-9,999,402","-9,999,402","-9,999,402"
01/04/2024,QQQ.O,QQQ,444.95,444.9456,"38,728,951"
02/04/2024,QQQ.O,QQQ,441.11,440.0908,"44,259,665"
03/04/2024,QQQ.O,QQQ,442.1,442.1603,"39,949,750"
04/04/2024,QQQ.O,QQQ,435.34,441.5124,"57,267,660"
05/04/2024,QQQ.O,QQQ,440.47,440.0733,"54,744,634"
08/04/2024,QQQ.O,QQQ,440.6,440.8885,"28,144,944"
09/04/2024,QQQ.O,QQQ,442.23,440.3474,"39,521,568"
10/04/2024,QQQ.O,QQQ,438.37,438.0515,"61,502,191"
11/04/2024,QQQ.O,QQQ,445.37,442.3724,"45,474,550"
12/04/2024,QQQ.O,QQQ,438.27,439.3284,"53,664,995"
15/04/2024,QQQ.O,QQQ,431.06,434.9042,"63,453,622"
16/04/2024,QQQ.O,QQQ,431.1,431.4512,"47,618,961"
17/04/2024,QQQ.O,QQQ,425.84,428.048,"56,880,536"
18/04/2024,QQQ.O,QQQ,423.41,425.0809,"46,549,363"
19/04/2024,QQQ.O,QQQ,414.65,417.3007,"75,230,990"
22/04/2024,QQQ.O,QQQ,418.82,417.5219,"47,807,663"
23/04/2024,QQQ.O,QQQ,425.07,424.0268,"44,384,741"
24/04/2024,QQQ.O,QQQ,426.51,426.8595,"48,440,305"
25/04/2024,QQQ.O,QQQ,424.45,421.8155,"57,392,169"
26/04/2024,QQQ.O,QQQ,431,430.4552,"41,874,907"
29/04/2024,QQQ.O,QQQ,432.75,432.0833,"30,022,161"
30/04/2024,QQQ.O,QQQ,424.59,428.9988,"43,665,934"
01/05/2024,QQQ.O,QQQ,421.52,424.1226,"52,251,707"
02/05/2024,QQQ.O,QQQ,426.9,424.6931,"36,559,007"
03/05/2024,QQQ.O,QQQ,435.48,434.2557,"48,515,252"
06/05/2024,QQQ.O,QQQ,440.25,438.2718,"30,227,200"
07/05/2024,QQQ.O,QQQ,440.32,440.8573,"30,996,094"
08/05/2024,QQQ.O,QQQ,440.06,439.803,"24,896,723"
09/05/2024,QQQ.O,QQQ,441.02,440.523,"24,580,121"
10/05/2024,QQQ.O,QQQ,442.06,442.0511,"27,116,566"
13/05/2024,QQQ.O,QQQ,443.08,442.9041,"22,994,192"
14/05/2024,QQQ.O,QQQ,445.93,444.4678,"34,478,321"
15/05/2024,QQQ.O,QQQ,452.9,450.6139,"41,464,651"
16/05/2024,QQQ.O,QQQ,451.98,453.1786,"34,780,412"
17/05/2024,QQQ.O,QQQ,451.76,451.6175,"35,803,719"
20/05/2024,QQQ.O,QQQ,454.91,454.3477,"24,474,226"
21/05/2024,QQQ.O,QQQ,455.8,454.6999,"23,167,720"
22/05/2024,QQQ.O,QQQ,455.71,455.3428,"25,120,040"
23/05/2024,QQQ.O,QQQ,453.66,456.5165,"40,899,230"
24/05/2024,QQQ.O,QQQ,457.95,457.2753,"29,669,461"
27/05/2024,QQQ.O,QQQ,"-9,999,402","-9,999,402","-9,999,402"
28/05/2024,QQQ.O,QQQ,459.68,458.5413,"26,216,815"
29/05/2024,QQQ.O,QQQ,456.44,457.2315,"29,739,238"
30/05/2024,QQQ.O,QQQ,451.55,453.3379,"30,714,121"
31/05/2024,QQQ.O,QQQ,450.71,447.648,"55,941,301"
03/06/2024,QQQ.O,QQQ,453.13,451.8767,"32,997,467"
04/06/2024,QQQ.O,QQQ,454.37,452.9944,"23,767,436"
05/06/2024,QQQ.O,QQQ,463.53,460.8992,"33,817,409"
06/06/2024,QQQ.O,QQQ,463.37,463.4326,"21,966,820"
07/06/2024,QQQ.O,QQQ,462.96,463.4252,"25,829,720"
10/06/2024,QQQ.O,QQQ,464.83,463.8359,"20,719,771"
11/06/2024,QQQ.O,QQQ,468.02,465.4121,"22,053,281"
12/06/2024,QQQ.O,QQQ,474.15,474.2328,"34,532,585"
13/06/2024,QQQ.O,QQQ,476.72,476.5326,"25,859,014"
14/06/2024,QQQ.O,QQQ,479.19,477.7808,"23,372,620"
17/06/2024,QQQ.O,QQQ,485.06,483.0523,"37,054,504"
18/06/2024,QQQ.O,QQQ,485.21,484.8876,"24,438,565"
19/06/2024,QQQ.O,QQQ,"-9,999,402","-9,999,402","-9,999,402"
20/06/2024,QQQ.O,QQQ,481.47,483.0702,"33,918,683"
21/06/2024,QQQ.O,QQQ,480.18,480.6482,"39,432,913"
24/06/2024,QQQ.O,QQQ,473.96,476.6383,"37,750,969"
25/06/2024,QQQ.O,QQQ,479.38,477.7354,"29,250,209"
26/06/2024,QQQ.O,QQQ,480.37,479.6647,"22,737,105"
27/06/2024,QQQ.O,QQQ,481.61,481.2557,"26,222,135"
28/06/2024,QQQ.O,QQQ,479.11,482.2127,"34,881,581"
01/07/2024,QQQ.O,QQQ,481.92,479.8216,"24,898,336"
02/07/2024,QQQ.O,QQQ,486.98,484.248,"26,723,559"
03/07/2024,QQQ.O,QQQ,491.04,489.1011,"18,064,880"
04/07/2024,QQQ.O,QQQ,"-9,999,402","-9,999,402","-9,999,402"
05/07/2024,QQQ.O,QQQ,496.16,494.8859,"28,495,936"
08/07/2024,QQQ.O,QQQ,497.34,496.6108,"22,109,420"
09/07/2024,QQQ.O,QQQ,497.77,498.0336,"25,701,253"
10/07/2024,QQQ.O,QQQ,502.96,501.1651,"28,046,901"
11/07/2024,QQQ.O,QQQ,491.93,495.3605,"49,966,590"
12/07/2024,QQQ.O,QQQ,494.82,496.0479,"37,109,399"
15/07/2024,QQQ.O,QQQ,496.15,497.1102,"31,151,386"
16/07/2024,QQQ.O,QQQ,496.34,495.3311,"25,950,622"
17/07/2024,QQQ.O,QQQ,481.77,485.8066,"56,268,768"
18/07/2024,QQQ.O,QQQ,479.49,479.8941,"49,347,361"
19/07/2024,QQQ.O,QQQ,475.24,476.7398,"42,042,856"
22/07/2024,QQQ.O,QQQ,482.32,480.5898,"40,299,999"
23/07/2024,QQQ.O,QQQ,480.62,482.0666,"23,282,454"
24/07/2024,QQQ.O,QQQ,463.38,468.7146,"58,818,629"
25/07/2024,QQQ.O,QQQ,458.27,462.1819,"59,256,759"
26/07/2024,QQQ.O,QQQ,462.97,462.5385,"39,992,132"
29/07/2024,QQQ.O,QQQ,463.9,465.1387,"28,218,476"
30/07/2024,QQQ.O,QQQ,457.53,459.296,"41,317,210"
31/07/2024,QQQ.O,QQQ,471.07,469.4223,"44,552,134"
01/08/2024,QQQ.O,QQQ,459.66,463.4938,"56,653,900"
02/08/2024,QQQ.O,QQQ,448.75,448.6814,"66,323,244"
05/08/2024,QQQ.O,QQQ,435.37,435.1733,"87,483,452"
06/08/2024,QQQ.O,QQQ,439.53,441.5962,"63,164,429"
07/08/2024,QQQ.O,QQQ,434.77,441.9548,"54,929,163"
08/08/2024,QQQ.O,QQQ,448.07,444.191,"47,890,071"
09/08/2024,QQQ.O,QQQ,450.41,448.9792,"33,573,976"
12/08/2024,QQQ.O,QQQ,451.38,451.4327,"27,795,006"
13/08/2024,QQQ.O,QQQ,462.58,459.7628,"40,084,457"
14/08/2024,QQQ.O,QQQ,462.73,462.07,"34,733,746"
15/08/2024,QQQ.O,QQQ,474.42,472.4816,"38,280,565"
16/08/2024,QQQ.O,QQQ,475.03,474.1191,"38,383,623"
19/08/2024,QQQ.O,QQQ,481.27,477.2191,"23,737,674"
20/08/2024,QQQ.O,QQQ,480.26,480.605,"29,209,340"
21/08/2024,QQQ.O,QQQ,482.5,481.8591,"25,658,787"
22/08/2024,QQQ.O,QQQ,474.85,478.3637,"37,739,576"
23/08/2024,QQQ.O,QQQ,480,479.064,"36,061,508"
26/08/2024,QQQ.O,QQQ,475.34,475.7014,"27,452,641"
27/08/2024,QQQ.O,QQQ,476.76,476.0017,"27,510,003"
28/08/2024,QQQ.O,QQQ,471.35,471.5881,"37,372,436"
29/08/2024,QQQ.O,QQQ,470.66,474.2399,"41,081,465"
30/08/2024,QQQ.O,QQQ,476.27,474.0408,"33,466,473"
02/09/2024,QQQ.O,QQQ,"-9,999,402","-9,999,402","-9,999,402"
03/09/2024,QQQ.O,QQQ,461.81,465.8212,"44,985,219"
04/09/2024,QQQ.O,QQQ,460.61,461.2829,"32,505,102"
05/09/2024,QQQ.O,QQQ,461.04,461.1536,"34,452,385"
06/09/2024,QQQ.O,QQQ,448.69,451.9534,"50,624,385"
09/09/2024,QQQ.O,QQQ,454.46,453.0271,"32,981,169"
10/09/2024,QQQ.O,QQQ,458.66,456.5184,"29,680,319"
11/09/2024,QQQ.O,QQQ,468.62,460.7331,"57,842,992"
12/09/2024,QQQ.O,QQQ,473.22,470.8442,"40,175,456"
13/09/2024,QQQ.O,QQQ,475.34,474.9491,"29,111,849"
16/09/2024,QQQ.O,QQQ,473.24,472.1307,"22,585,596"
17/09/2024,QQQ.O,QQQ,473.49,474.211,"30,084,438"
18/09/2024,QQQ.O,QQQ,471.44,474.2313,"39,909,215"
19/09/2024,QQQ.O,QQQ,483.36,482.9803,"52,782,523"
20/09/2024,QQQ.O,QQQ,482.44,481.6402,"34,577,663"
23/09/2024,QQQ.O,QQQ,483.04,482.9317,"24,842,972"
24/09/2024,QQQ.O,QQQ,485.37,484.1052,"25,952,637"
25/09/2024,QQQ.O,QQQ,485.82,486.0227,"26,549,866"
26/09/2024,QQQ.O,QQQ,489.47,489.0864,"32,020,206"
27/09/2024,QQQ.O,QQQ,486.75,487.8811,"22,851,120"
30/09/2024,QQQ.O,QQQ,488.07,486.1956,"30,330,605"
01/10/2024,QQQ.O,QQQ,481.27,481.3667,"42,735,424"
02/10/2024,QQQ.O,QQQ,481.95,481.7539,"23,744,049"
03/10/2024,QQQ.O,QQQ,481.59,481.3929,"25,337,220"
04/10/2024,QQQ.O,QQQ,487.32,485.3618,"30,744,909"
07/10/2024,QQQ.O,QQQ,482.1,484.1689,"24,975,119"
08/10/2024,QQQ.O,QQQ,489.3,487.3472,"28,272,017"
09/10/2024,QQQ.O,QQQ,493.15,491.4578,"24,994,950"
10/10/2024,QQQ.O,QQQ,492.59,492.3791,"25,750,446"
11/10/2024,QQQ.O,QQQ,493.36,492.923,"20,644,497"
14/10/2024,QQQ.O,QQQ,497.5,496.8193,"26,060,145"
15/10/2024,QQQ.O,QQQ,490.85,492.4985,"34,784,506"
16/10/2024,QQQ.O,QQQ,490.91,490.0582,"22,996,776"
17/10/2024,QQQ.O,QQQ,491.25,493.0576,"27,210,658"
18/10/2024,QQQ.O,QQQ,494.47,494.3383,"25,335,030"
21/10/2024,QQQ.O,QQQ,495.42,494.1088,"30,336,549"
22/10/2024,QQQ.O,QQQ,495.96,495.0882,"26,685,841"
23/10/2024,QQQ.O,QQQ,488.36,489.6645,"39,346,565"
24/10/2024,QQQ.O,QQQ,492.32,491.5308,"22,024,930"
25/10/2024,QQQ.O,QQQ,495.32,497.2962,"38,762,143"
28/10/2024,QQQ.O,QQQ,495.4,496.5073,"20,477,778"
29/10/2024,QQQ.O,QQQ,500.16,498.4309,"28,014,059"
30/10/2024,QQQ.O,QQQ,496.38,498.2295,"29,755,960"
31/10/2024,QQQ.O,QQQ,483.85,486.6361,"41,245,248"
01/11/2024,QQQ.O,QQQ,487.43,488.0331,"33,655,757"
04/11/2024,QQQ.O,QQQ,486.01,486.8752,"23,291,580"
05/11/2024,QQQ.O,QQQ,492.21,490.9491,"24,353,615"
06/11/2024,QQQ.O,QQQ,505.58,503.1362,"43,082,198"
07/11/2024,QQQ.O,QQQ,513.54,511.7879,"32,853,120"
08/11/2024,QQQ.O,QQQ,514.14,513.8177,"22,924,483"
11/11/2024,QQQ.O,QQQ,513.84,513.1942,"24,167,479"
12/11/2024,QQQ.O,QQQ,512.91,512.8241,"25,835,288"
13/11/2024,QQQ.O,QQQ,512.25,512.6834,"24,567,416"
14/11/2024,QQQ.O,QQQ,508.69,510.2359,"28,679,519"
15/11/2024,QQQ.O,QQQ,496.57,499.0608,"51,461,054"
18/11/2024,QQQ.O,QQQ,500.02,499.594,"27,192,662"
19/11/2024,QQQ.O,QQQ,503.46,501.1641,"24,523,020"
20/11/2024,QQQ.O,QQQ,503.17,500.2977,"29,565,491"
21/11/2024,QQQ.O,QQQ,504.98,503.0261,"34,526,738"
22/11/2024,QQQ.O,QQQ,505.79,505.1092,"23,826,644"
25/11/2024,QQQ.O,QQQ,506.59,507.1895,"26,375,166"
26/11/2024,QQQ.O,QQQ,509.31,508.5356,"26,557,061"
27/11/2024,QQQ.O,QQQ,505.3,504.8273,"24,957,441"
28/11/2024,QQQ.O,QQQ,"-9,999,402","-9,999,402","-9,999,402"
29/11/2024,QQQ.O,QQQ,509.74,508.8238,"15,333,968"
02/12/2024,QQQ.O,QQQ,515.29,514.5679,"25,147,165"
03/12/2024,QQQ.O,QQQ,516.87,515.4796,"18,597,900"
04/12/2024,QQQ.O,QQQ,523.26,521.5822,"26,086,222"
05/12/2024,QQQ.O,QQQ,521.81,522.7005,"18,169,632"
06/12/2024,QQQ.O,QQQ,526.48,525.4997,"23,762,611"
09/12/2024,QQQ.O,QQQ,522.38,523.2572,"20,674,405"
10/12/2024,QQQ.O,QQQ,520.6,521.9897,"24,350,040"
11/12/2024,QQQ.O,QQQ,529.92,528.333,"32,168,579"
12/12/2024,QQQ.O,QQQ,526.5,527.9441,"23,577,504"
13/12/2024,QQQ.O,QQQ,530.53,529.62,"28,780,405"
16/12/2024,QQQ.O,QQQ,538.17,536.2596,"31,979,863"
17/12/2024,QQQ.O,QQQ,535.8,535.7309,"28,579,070"
18/12/2024,QQQ.O,QQQ,516.47,526.5886,"54,703,155"
19/12/2024,QQQ.O,QQQ,514.17,517.483,"46,441,754"
20/12/2024,QQQ.O,QQQ,518.66,518.9663,"60,529,961"
23/12/2024,QQQ.O,QQQ,522.87,520.7288,"29,672,800"
24/12/2024,QQQ.O,QQQ,529.96,527.676,"17,558,215"
25/12/2024,QQQ.O,QQQ,"-9,999,402","-9,999,402","-9,999,402"
26/12/2024,QQQ.O,QQQ,529.6,529.5381,"19,141,494"
27/12/2024,QQQ.O,QQQ,522.56,521.233,"33,839,555"
30/12/2024,QQQ.O,QQQ,515.61,516.5697,"34,584,028"
31/12/2024,QQQ.O,QQQ,511.23,513.0233,"29,117,028"
01/01/2025,QQQ.O,QQQ,"-9,999,402","-9,999,402","-9,999,402"
02/01/2025,QQQ.O,QQQ,510.23,510.659,"36,389,783"
03/01/2025,QQQ.O,QQQ,518.58,516.7458,"29,059,520"
06/01/2025,QQQ.O,QQQ,524.54,524.7929,"36,109,734"
07/01/2025,QQQ.O,QQQ,515.18,518.5752,"36,690,272"
08/01/2025,QQQ.O,QQQ,515.27,514.5363,"30,777,777"
09/01/2025,QQQ.O,QQQ,"-9,999,401","-9,999,401","-9,999,401"
10/01/2025,QQQ.O,QQQ,507.19,507.7517,"40,532,495"
13/01/2025,QQQ.O,QQQ,505.56,502.7377,"31,694,210"
14/01/2025,QQQ.O,QQQ,505.08,505.3663,"33,737,237"
15/01/2025,QQQ.O,QQQ,516.7,515.257,"34,957,554"
16/01/2025,QQQ.O,QQQ,513.08,515.8962,"28,229,037"
17/01/2025,QQQ.O,QQQ,521.74,520.5497,"51,837,941"
20/01/2025,QQQ.O,QQQ,"-9,999,402","-9,999,402","-9,999,402"
21/01/2025,QQQ.O,QQQ,524.8,523.716,"23,627,971"
22/01/2025,QQQ.O,QQQ,531.51,531.2173,"33,592,988"
23/01/2025,QQQ.O,QQQ,532.64,530.3976,"23,096,588"
24/01/2025,QQQ.O,QQQ,529.63,530.8016,"19,878,251"
27/01/2025,QQQ.O,QQQ,514.21,514.5159,"60,771,695"
28/01/2025,QQQ.O,QQQ,521.81,518.9904,"33,194,214"
29/01/2025,QQQ.O,QQQ,520.83,520.1684,"26,649,011"
30/01/2025,QQQ.O,QQQ,523.05,522.3841,"27,431,302"
31/01/2025,QQQ.O,QQQ,522.29,526.3682,"38,845,467"
03/02/2025,QQQ.O,QQQ,518.11,517.0346,"40,580,835"
04/02/2025,QQQ.O,QQQ,524.47,523.0624,"26,046,753"
05/02/2025,QQQ.O,QQQ,526.85,524.0036,"21,134,070"
06/02/2025,QQQ.O,QQQ,529.6,527.7553,"19,434,454"
07/02/2025,QQQ.O,QQQ,522.92,525.5897,"29,605,470"
10/02/2025,QQQ.O,QQQ,529.25,528.8949,"20,852,784"
11/02/2025,QQQ.O,QQQ,527.99,528.1583,"19,325,500"
12/02/2025,QQQ.O,QQQ,528.3,526.5995,"25,009,362"
13/02/2025,QQQ.O,QQQ,535.9,532.9228,"28,714,799"
14/02/2025,QQQ.O,QQQ,538.15,537.2612,"17,862,572"
17/02/2025,QQQ.O,QQQ,"-9,999,402","-9,999,402","-9,999,402"
18/02/2025,QQQ.O,QQQ,539.37,538.0276,"20,565,028"
19/02/2025,QQQ.O,QQQ,539.52,538.9524,"19,666,861"
20/02/2025,QQQ.O,QQQ,537.23,535.809,"26,550,753"
21/02/2025,QQQ.O,QQQ,526.08,530.6056,"47,093,750"
24/02/2025,QQQ.O,QQQ,519.87,523.3086,"39,268,392"
25/02/2025,QQQ.O,QQQ,513.32,514.1712,"48,940,025"
26/02/2025,QQQ.O,QQQ,514.56,515.5871,"34,457,618"
27/02/2025,QQQ.O,QQQ,500.27,508.4165,"52,447,966"
28/02/2025,QQQ.O,QQQ,508.17,502.3262,"47,654,043"
03/03/2025,QQQ.O,QQQ,497.05,503.2367,"44,587,204"
04/03/2025,QQQ.O,QQQ,495.55,494.6346,"67,875,402"
05/03/2025,QQQ.O,QQQ,502.01,497.8144,"46,323,725"
06/03/2025,QQQ.O,QQQ,488.2,491.5635,"57,574,332"
07/03/2025,QQQ.O,QQQ,491.79,487.7577,"54,714,726"
10/03/2025,QQQ.O,QQQ,472.73,476.5977,"76,668,029"
11/03/2025,QQQ.O,QQQ,471.6,472.9124,"68,760,771"
12/03/2025,QQQ.O,QQQ,476.92,477.127,"46,971,082"
13/03/2025,QQQ.O,QQQ,468.34,471.2895,"46,563,349"
14/03/2025,QQQ.O,QQQ,479.66,477.0821,"43,563,010"
17/03/2025,QQQ.O,QQQ,482.77,482.0546,"41,744,354"
18/03/2025,QQQ.O,QQQ,474.54,475.4372,"39,072,265"
19/03/2025,QQQ.O,QQQ,480.89,479.8912,"40,430,334"
21/03/2024,NQc1,NQ,"18,561.75","18,635.788069999999","606,959"
22/03/2024,NQc1,NQ,"18,574.75","18,557.003339999999","511,962"
25/03/2024,NQc1,NQ,"18,513.5","18,515.382440000001","456,250"
26/03/2024,NQc1,NQ,"18,449","18,549.421910000001","516,507"
27/03/2024,NQc1,NQ,"18,503.75","18,457.033039999998","605,634"
28/03/2024,NQc1,NQ,"18,475","18,490.694149999999","515,193"
29/03/2024,NQc1,NQ,"-9,999,402","-9,999,402","-9,999,402"
01/04/2024,NQc1,NQ,"18,497.25","18,510.793750000001","572,133"
02/04/2024,NQc1,NQ,"18,330","18,300.309140000001","618,982"
03/04/2024,NQc1,NQ,"18,373.25","18,360.230220000001","597,987"
04/04/2024,NQc1,NQ,"18,076.75","18,371.21041","777,140"
05/04/2024,NQc1,NQ,"18,300.75","18,248.10601","809,193"
08/04/2024,NQc1,NQ,"18,295","18,308.039929999999","524,203"
09/04/2024,NQc1,NQ,"18,359.75","18,290.842659999998","696,069"
10/04/2024,NQc1,NQ,"18,196.75","18,175.282480000002","880,504"
11/04/2024,NQc1,NQ,"18,485","18,307.84489","728,802"
12/04/2024,NQc1,NQ,"18,179.25","18,253.108960000001","787,334"
15/04/2024,NQc1,NQ,"17,876.25","18,110.47999","797,316"
16/04/2024,NQc1,NQ,"17,881.25","17,885.74267","766,364"
17/04/2024,NQc1,NQ,"17,658.5","17,781.03861","844,749"
18/04/2024,NQc1,NQ,"17,547.25","17,630.904900000001","756,158"
19/04/2024,NQc1,NQ,"17,180.75","17,318.849709999999","1,023,135"
22/04/2024,NQc1,NQ,"17,350","17,290.771059999999","646,130"
23/04/2024,NQc1,NQ,"17,606.75","17,528.258389999999","601,826"
24/04/2024,NQc1,NQ,"17,664.5","17,675.359700000001","667,402"
25/04/2024,NQc1,NQ,"17,567.5","17,460.942899999998","820,011"
26/04/2024,NQc1,NQ,"17,845.75","17,805.489880000001","628,227"
29/04/2024,NQc1,NQ,"17,904.25","17,884.39012","528,891"
30/04/2024,NQc1,NQ,"17,571.25","17,755.501639999999","677,704"
01/05/2024,NQc1,NQ,"17,438.25","17,530.861110000002","791,170"
02/05/2024,NQc1,NQ,"17,649.75","17,557.382979999998","635,300"
03/05/2024,NQc1,NQ,"18,000.75","17,939.983469999999","556,949"
06/05/2024,NQc1,NQ,"18,195.5","18,099.87197","395,489"
07/05/2024,NQc1,NQ,"18,199.5","18,211.372189999998","469,722"
08/05/2024,NQc1,NQ,"18,186.5","18,169.45593","453,714"
09/05/2024,NQc1,NQ,"18,214.5","18,187.095890000001","471,196"
10/05/2024,NQc1,NQ,"18,255","18,255.986799999999","473,881"
13/05/2024,NQc1,NQ,"18,295.5","18,288.77666","411,036"
14/05/2024,NQc1,NQ,"18,415","18,327.67555","555,369"
15/05/2024,NQc1,NQ,"18,691.75","18,571.735990000001","605,869"
16/05/2024,NQc1,NQ,"18,650","18,703.407370000001","548,582"
17/05/2024,NQc1,NQ,"18,635.25","18,635.508030000001","489,227"
20/05/2024,NQc1,NQ,"18,763","18,732.345359999999","470,381"
21/05/2024,NQc1,NQ,"18,799.25","18,743.40094","426,117"
22/05/2024,NQc1,NQ,"18,786.75","18,782.467670000002","578,439"
23/05/2024,NQc1,NQ,"18,696.25","18,824.941279999999","851,576"
24/05/2024,NQc1,NQ,"18,876","18,830.194630000002","552,083"
27/05/2024,NQc1,NQ,"-9,999,402","-9,999,402","-9,999,402"
28/05/2024,NQc1,NQ,"18,940.5","18,902.538990000001","642,954"
29/05/2024,NQc1,NQ,"18,802.75","18,833.17959","573,938"
30/05/2024,NQc1,NQ,"18,606.5","18,683.662400000001","619,548"
31/05/2024,NQc1,NQ,"18,591","18,449.572029999999","834,003"
03/06/2024,NQc1,NQ,"18,646.25","18,611.88522","669,104"
04/06/2024,NQc1,NQ,"18,701","18,632.532899999998","616,703"
05/06/2024,NQc1,NQ,"19,074.25","18,927.731019999999","575,227"
06/06/2024,NQc1,NQ,"19,060.25","19,072.20651","524,900"
07/06/2024,NQc1,NQ,"19,037.75","19,055.858899999999","612,033"
10/06/2024,NQc1,NQ,"19,109.75","19,059.960950000001","571,666"
11/06/2024,NQc1,NQ,"19,242.25","19,115.46414","564,706"
12/06/2024,NQc1,NQ,"19,496.5","19,472.88625","691,079"
13/06/2024,NQc1,NQ,"19,602.5","19,597.032159999999","584,725"
14/06/2024,NQc1,NQ,"19,685.5","19,617.96169","584,288"
17/06/2024,NQc1,NQ,"19,921.25","19,808.730889999999","423,232"
18/06/2024,NQc1,NQ,"19,919.25","19,917.65782","201,834"
19/06/2024,NQc1,NQ,"-9,999,402","-9,999,402","-9,999,402"
20/06/2024,NQc1,NQ,"19,763.25","19,876.481800000001","157,046"
21/06/2024,NQc1,NQ,"19,747.290000000001","19,756.13884","8,049"
24/06/2024,NQc1,NQ,"19,750.75","19,882.019980000001","683,900"
25/06/2024,NQc1,NQ,"19,972.25","19,882.53772","574,518"
26/06/2024,NQc1,NQ,"20,012.5","19,975.825649999999","590,175"
27/06/2024,NQc1,NQ,"20,039.5","20,024.509330000001","589,649"
28/06/2024,NQc1,NQ,"19,927.25","20,081.06727","750,324"
01/07/2024,NQc1,NQ,"20,052","19,959.769680000001","639,341"
02/07/2024,NQc1,NQ,"20,255.25","20,098.754099999998","621,477"
03/07/2024,NQc1,NQ,"20,411.5","20,303.355380000001","395,129"
04/07/2024,NQc1,NQ,"-9,999,402","-9,999,402","-9,999,402"
05/07/2024,NQc1,NQ,"20,620.75","20,523.416799999999","600,207"
08/07/2024,NQc1,NQ,"20,659.75","20,631.011210000001","497,107"
09/07/2024,NQc1,NQ,"20,678.5","20,700.087769999998","569,689"
10/07/2024,NQc1,NQ,"20,899.75","20,798.219649999999","576,694"
11/07/2024,NQc1,NQ,"20,441.75","20,630.922159999998","906,128"
12/07/2024,NQc1,NQ,"20,524","20,568.576779999999","724,343"
15/07/2024,NQc1,NQ,"20,583.75","20,635.18993","703,410"
16/07/2024,NQc1,NQ,"20,598","20,565.24597","629,745"
17/07/2024,NQc1,NQ,"19,997.5","20,150.624260000001","854,323"
18/07/2024,NQc1,NQ,"19,899.25","19,943.41331","964,287"
19/07/2024,NQc1,NQ,"19,713","19,799.820489999998","774,109"
22/07/2024,NQc1,NQ,"20,001","19,926.617330000001","657,854"
23/07/2024,NQc1,NQ,"19,925","19,979.479439999999","601,990"
24/07/2024,NQc1,NQ,"19,203.25","19,440.751090000002","846,812"
25/07/2024,NQc1,NQ,"18,992.25","19,163.363949999999","992,015"
26/07/2024,NQc1,NQ,"19,174.5","19,151.935150000001","694,702"
29/07/2024,NQc1,NQ,"19,209.25","19,266.01122","600,017"
30/07/2024,NQc1,NQ,"18,936.25","19,035.23431","745,002"
31/07/2024,NQc1,NQ,"19,505.25","19,397.41156","762,246"
01/08/2024,NQc1,NQ,"19,023.25","19,283.449329999999","920,616"
02/08/2024,NQc1,NQ,"18,556.25","18,576.22985","842,228"
05/08/2024,NQc1,NQ,"18,013.25","17,933.74755","937,137"
06/08/2024,NQc1,NQ,"18,179","18,252.317920000001","697,089"
07/08/2024,NQc1,NQ,"17,966.5","18,290.840950000002","725,244"
08/08/2024,NQc1,NQ,"18,525.25","18,645.653590000002","663,957"
09/08/2024,NQc1,NQ,"18,616","18,534.270680000001","501,761"
12/08/2024,NQc1,NQ,"18,639.5","18,645.653590000002","469,892"
13/08/2024,NQc1,NQ,"19,104.25","18,934.04854","497,670"
14/08/2024,NQc1,NQ,"19,115","19,081.70868","553,997"
15/08/2024,NQc1,NQ,"19,581.25","19,446.193739999999","522,322"
16/08/2024,NQc1,NQ,"19,605.75","19,568.171330000001","458,933"
19/08/2024,NQc1,NQ,"19,857.75","19,667.66749","429,305"
20/08/2024,NQc1,NQ,"19,809.5","19,833.137900000002","485,435"
21/08/2024,NQc1,NQ,"19,909.5","19,868.43492","479,077"
22/08/2024,NQc1,NQ,"19,578.25","19,781.61651","630,179"
23/08/2024,NQc1,NQ,"19,790.75","19,746.31783","581,201"
26/08/2024,NQc1,NQ,"19,591.25","19,640.76139","473,540"
27/08/2024,NQc1,NQ,"19,653.75","19,603.725930000001","441,146"
28/08/2024,NQc1,NQ,"19,415.75","19,462.77145","537,278"
29/08/2024,NQc1,NQ,"19,393.25","19,507.414519999998","669,705"
30/08/2024,NQc1,NQ,"19,623","19,516.164509999999","495,609"
02/09/2024,NQc1,NQ,"-9,999,402","-9,999,402","-9,999,402"
03/09/2024,NQc1,NQ,"19,006.5","19,278.7883","698,442"
04/09/2024,NQc1,NQ,"18,962.5","18,965.150860000002","582,116"
05/09/2024,NQc1,NQ,"18,963.5","18,967.770260000001","585,125"
06/09/2024,NQc1,NQ,"18,458.25","18,633.154399999999","726,350"
09/09/2024,NQc1,NQ,"18,692.25","18,618.147150000001","536,240"
10/09/2024,NQc1,NQ,"18,864","18,742.25116","536,220"
11/09/2024,NQc1,NQ,"19,271","18,888.36837","729,344"
12/09/2024,NQc1,NQ,"19,447.25","19,331.93809","581,032"
13/09/2024,NQc1,NQ,"19,530.25","19,498.384580000002","467,948"
16/09/2024,NQc1,NQ,"19,433","19,408.333910000001","339,781"
17/09/2024,NQc1,NQ,"19,439.25","19,486.040649999999","254,059"
18/09/2024,NQc1,NQ,"19,349.25","19,459.56554","138,848"
19/09/2024,NQc1,NQ,"19,850.25","19,769.555329999999","134,917"
20/09/2024,NQc1,NQ,"19,808.009999999998","19,800.903460000001","4,958"
23/09/2024,NQc1,NQ,"20,080","20,074.126329999999","394,947"
24/09/2024,NQc1,NQ,"20,167.75","20,113.321680000001","457,126"
25/09/2024,NQc1,NQ,"20,192","20,187.77435","405,050"
26/09/2024,NQc1,NQ,"20,346.25","20,348.30342","509,755"
27/09/2024,NQc1,NQ,"20,221.5","20,282.925660000001","435,634"
30/09/2024,NQc1,NQ,"20,261.25","20,192.01917","510,434"
01/10/2024,NQc1,NQ,"19,975","20,008.567490000001","662,776"
02/10/2024,NQc1,NQ,"20,009.75","19,988.854609999999","475,599"
03/10/2024,NQc1,NQ,"19,990.25","19,975.382010000001","526,765"
04/10/2024,NQc1,NQ,"20,227.25","20,125.925139999999","560,070"
07/10/2024,NQc1,NQ,"19,992.75","20,108.98633","450,371"
08/10/2024,NQc1,NQ,"20,298.5","20,172.01542","444,750"
09/10/2024,NQc1,NQ,"20,463.5","20,357.8105","421,249"
10/10/2024,NQc1,NQ,"20,429.75","20,411.53514","450,569"
11/10/2024,NQc1,NQ,"20,450","20,420.04177","385,312"
14/10/2024,NQc1,NQ,"20,619.25","20,583.404350000001","395,756"
15/10/2024,NQc1,NQ,"20,342","20,446.735079999999","522,391"
16/10/2024,NQc1,NQ,"20,349.5","20,316.46989","417,571"
17/10/2024,NQc1,NQ,"20,368","20,439.95235","535,486"
18/10/2024,NQc1,NQ,"20,483.5","20,473.968499999999","385,566"
21/10/2024,NQc1,NQ,"20,519.5","20,455.468730000001","456,078"
22/10/2024,NQc1,NQ,"20,542","20,481.97453","476,324"
23/10/2024,NQc1,NQ,"20,220.5","20,310.816060000001","619,162"
24/10/2024,NQc1,NQ,"20,380.25","20,348.916740000001","462,552"
25/10/2024,NQc1,NQ,"20,498.75","20,566.699830000001","585,929"
28/10/2024,NQc1,NQ,"20,497","20,569.10456","430,120"
29/10/2024,NQc1,NQ,"20,696.5","20,599.917140000001","498,020"
30/10/2024,NQc1,NQ,"20,534.75","20,635.367969999999","519,409"
31/10/2024,NQc1,NQ,"20,021.75","20,158.40206","686,677"
01/11/2024,NQc1,NQ,"20,153.25","20,174.227019999998","554,025"
04/11/2024,NQc1,NQ,"20,086","20,132.834999999999","520,521"
05/11/2024,NQc1,NQ,"20,341.75","20,270.62052","450,115"
06/11/2024,NQc1,NQ,"20,894","20,734.797610000001","632,408"
07/11/2024,NQc1,NQ,"21,224.75","21,116.260490000001","462,805"
08/11/2024,NQc1,NQ,"21,231.25","21,211.237260000002","401,943"
11/11/2024,NQc1,NQ,"21,217.75","21,212.712680000001","456,006"
12/11/2024,NQc1,NQ,"21,189.5","21,184.027750000001","511,372"
13/11/2024,NQc1,NQ,"21,159.5","21,164.950239999998","533,739"
14/11/2024,NQc1,NQ,"21,011.75","21,081.837090000001","561,950"
15/11/2024,NQc1,NQ,"20,493.75","20,604.737710000001","691,851"
18/11/2024,NQc1,NQ,"20,633.5","20,615.053970000001","525,474"
19/11/2024,NQc1,NQ,"20,767.75","20,636.496650000001","553,617"
20/11/2024,NQc1,NQ,"20,749","20,659.765080000001","619,493"
21/11/2024,NQc1,NQ,"20,829.5","20,733.714919999999","698,342"
22/11/2024,NQc1,NQ,"20,849.75","20,808.127850000001","541,554"
25/11/2024,NQc1,NQ,"20,880.25","20,917.211350000001","544,568"
26/11/2024,NQc1,NQ,"20,993.5","20,944.127209999999","505,254"
27/11/2024,NQc1,NQ,"20,813","20,814.488000000001","520,026"
28/11/2024,NQc1,NQ,"-9,999,402","-9,999,402","-9,999,402"
29/11/2024,NQc1,NQ,"20,993.5","20,921.05301","339,955"
02/12/2024,NQc1,NQ,"21,218","21,152.772239999998","475,464"
03/12/2024,NQc1,NQ,"21,281.5","21,218.452560000002","444,143"
04/12/2024,NQc1,NQ,"21,536.5","21,456.64806","461,922"
05/12/2024,NQc1,NQ,"21,473.25","21,511.30935","421,035"
06/12/2024,NQc1,NQ,"21,656.75","21,593.59835","459,878"
09/12/2024,NQc1,NQ,"21,483.75","21,543.58368","517,123"
10/12/2024,NQc1,NQ,"21,405.25","21,482.637340000001","544,406"
11/12/2024,NQc1,NQ,"21,793.5","21,694.735830000001","547,213"
12/12/2024,NQc1,NQ,"21,651.25","21,692.766390000001","510,307"
13/12/2024,NQc1,NQ,"21,795.75","21,774.467209999999","639,403"
16/12/2024,NQc1,NQ,"22,110.25","22,001.264490000001","482,433"
17/12/2024,NQc1,NQ,"22,014.75","22,023.2873","277,298"
18/12/2024,NQc1,NQ,"21,218.75","21,757.694469999999","209,588"
19/12/2024,NQc1,NQ,"21,112.75","21,268.256010000001","124,728"
20/12/2024,NQc1,NQ,"20,947.98","20,932.964390000001","9,006"
23/12/2024,NQc1,NQ,"21,753.25","21,651.18202","508,598"
24/12/2024,NQc1,NQ,"22,028.5","21,904.68086","261,201"
25/12/2024,NQc1,NQ,"-9,999,402","-9,999,402","-9,999,402"
26/12/2024,NQc1,NQ,"22,008","21,998.890579999999","407,116"
27/12/2024,NQc1,NQ,"21,698.5","21,663.280309999998","572,604"
30/12/2024,NQc1,NQ,"21,416.25","21,448.142220000002","530,975"
31/12/2024,NQc1,NQ,"21,226.5","21,331.3701","477,280"
01/01/2025,NQc1,NQ,"-9,999,402","-9,999,402","-9,999,402"
02/01/2025,NQc1,NQ,"21,167.5","21,234.130840000002","664,742"
03/01/2025,NQc1,NQ,"21,516.5","21,399.410970000001","488,243"
06/01/2025,NQc1,NQ,"21,744.5","21,755.179609999999","574,300"
07/01/2025,NQc1,NQ,"21,359.75","21,541.01902","645,144"
08/01/2025,NQc1,NQ,"21,360.75","21,335.57559","637,114"
09/01/2025,NQc1,NQ,"-9,999,401","21,301.034619999999","77,170"
10/01/2025,NQc1,NQ,"21,016","21,065.93907","703,964"
13/01/2025,NQc1,NQ,"20,947.25","20,829.605759999999","617,059"
14/01/2025,NQc1,NQ,"20,919.5","20,964.350279999999","676,188"
15/01/2025,NQc1,NQ,"21,400.25","21,301.773499999999","551,806"
16/01/2025,NQc1,NQ,"21,249.75","21,387.498640000002","598,631"
17/01/2025,NQc1,NQ,"21,594.75","21,550.541260000002","594,110"
20/01/2025,NQc1,NQ,"-9,999,402","-9,999,402","-9,999,402"
21/01/2025,NQc1,NQ,"21,709.5","21,665.244019999998","662,316"
22/01/2025,NQc1,NQ,"22,000.5","21,991.526119999999","508,606"
23/01/2025,NQc1,NQ,"22,038.25","21,936.019420000001","476,286"
24/01/2025,NQc1,NQ,"21,911.25","21,973.443609999998","522,901"
27/01/2025,NQc1,NQ,"21,258.5","21,242.476480000001","1,056,136"
28/01/2025,NQc1,NQ,"21,581.75","21,423.018650000002","663,336"
29/01/2025,NQc1,NQ,"21,523.25","21,521.34835","629,631"
30/01/2025,NQc1,NQ,"21,624.75","21,597.956920000001","618,073"
31/01/2025,NQc1,NQ,"21,589.25","21,773.413","655,811"
03/02/2025,NQc1,NQ,"21,405","21,301.111570000001","728,140"
04/02/2025,NQc1,NQ,"21,670.25","21,568.72954","497,143"
05/02/2025,NQc1,NQ,"21,763","21,616.217850000001","497,655"
06/02/2025,NQc1,NQ,"21,871.75","21,791.88607","438,729"
07/02/2025,NQc1,NQ,"21,590.75","21,722.260579999998","598,869"
10/02/2025,NQc1,NQ,"21,846.5","21,806.609899999999","391,625"
11/02/2025,NQc1,NQ,"21,786.75","21,787.24296","423,200"
12/02/2025,NQc1,NQ,"21,804.75","21,714.43374","545,408"
13/02/2025,NQc1,NQ,"22,113.25","21,957.6384","536,739"
14/02/2025,NQc1,NQ,"22,196.25","22,142.192179999998","433,212"
17/02/2025,NQc1,NQ,"-9,999,402","-9,999,402","-9,999,402"
18/02/2025,NQc1,NQ,"22,232.25","22,207.71759","567,203"
19/02/2025,NQc1,NQ,"22,250.5","22,219.780910000001","496,442"
20/02/2025,NQc1,NQ,"22,141.75","22,094.623619999998","563,585"
21/02/2025,NQc1,NQ,"21,679.25","21,918.422979999999","708,349"
24/02/2025,NQc1,NQ,"21,420.25","21,598.31551","670,634"
25/02/2025,NQc1,NQ,"21,149","21,212.502799999998","805,678"
26/02/2025,NQc1,NQ,"21,187","21,253.39831","646,236"
27/02/2025,NQc1,NQ,"20,605.75","21,027.383310000001","854,180"
28/02/2025,NQc1,NQ,"20,919.5","20,666.51526","845,890"
03/03/2025,NQc1,NQ,"20,468.25","20,791.197919999999","833,041"
04/03/2025,NQc1,NQ,"20,399","20,378.385699999999","958,071"
05/03/2025,NQc1,NQ,"20,665","20,478.338609999999","783,638"
06/03/2025,NQc1,NQ,"20,089.25","20,268.324929999999","763,150"
07/03/2025,NQc1,NQ,"20,229.75","20,075.784660000001","763,257"
10/03/2025,NQc1,NQ,"19,452.75","19,650.384880000001","798,366"
11/03/2025,NQc1,NQ,"19,399","19,440.15638","857,876"
12/03/2025,NQc1,NQ,"19,618.5","19,609.06064","702,688"
13/03/2025,NQc1,NQ,"19,249","19,397.291410000002","761,160"
14/03/2025,NQc1,NQ,"19,712","19,576.014190000002","742,663"
17/03/2025,NQc1,NQ,"19,831.75","19,756.050609999998","584,953"
18/03/2025,NQc1,NQ,"19,496.75","19,579.450430000001","360,195"
19/03/2025,NQc1,NQ,"19,746.75","19,645.15105","210,518"
